amount,hour,day_of_week,merchant_category,distance_from_home,age,gender,num_prev_transactions,avg_transaction_amount,credit_score,is_fraud
234.63,6,3,gas,39.34,23,M,246,109.32,548,0
1505.06,2,0,online,5.08,36,M,4,779.27,544,1
658.37,22,6,restaurant,3.07,60,F,230,141.34,550,0
456.47,13,3,electronics,11.39,58,M,200,425.47,422,0
84.81,23,5,gas,56.28,70,M,372,226.66,624,0
84.8,9,4,gas,26.83,46,M,401,365.31,800,0
29.92,15,1,electronics,81.4,23,M,148,90.38,365,0
1005.62,15,0,electronics,19.42,76,M,71,853.7,358,1
459.54,21,6,restaurant,108.8,42,F,491,226.56,797,0
615.63,9,6,gas,3.04,74,F,499,533.93,672,0
10.4,12,2,travel,18.48,41,M,225,136.26,565,0
1751.78,5,4,gas,47.37,42,M,73,31.68,535,1
893.21,11,1,grocery,88.2,33,F,306,335.99,517,1
119.34,8,3,online,48.94,69,M,168,2.34,826,0
100.34,12,1,online,10.15,33,F,248,193.47,740,0
101.31,3,4,grocery,10.54,23,M,279,64.26,705,0
181.38,23,4,online,27.14,54,F,487,296.16,768,0
371.96,10,5,electronics,20.5,38,F,151,1165.03,409,0
282.77,19,5,online,87.27,21,M,223,187.31,652,1
172.11,17,1,online,14.58,51,F,224,510.3,390,0
473.19,10,3,grocery,88.74,45,M,37,212.65,713,0
75.12,20,1,restaurant,4.24,55,F,43,205.46,372,0
172.76,3,4,online,66.32,58,M,184,799.6,846,0
228.14,17,4,travel,31.43,45,M,498,662.09,597,0
304.47,0,2,online,106.49,34,M,442,462.25,582,0
768.97,6,5,restaurant,53.85,31,F,240,105.4,804,0
111.37,5,2,grocery,38.19,24,M,417,236.24,497,0
361.01,14,0,restaurant,111.58,39,M,330,76.04,331,0
448.75,17,4,grocery,16.66,68,M,350,176.05,640,0
23.78,23,2,electronics,13.49,18,F,209,198.62,633,0
467.67,10,1,grocery,23.79,46,M,22,534.5,442,0
93.48,19,5,electronics,77.42,69,F,123,679.09,709,0
33.63,23,5,electronics,42.67,48,F,85,160.65,343,1
1486.84,14,3,grocery,21.12,47,F,42,5.36,331,1
1685.32,15,1,travel,6.72,74,M,465,593.66,327,1
826.17,6,3,gas,71.83,32,M,39,57.45,722,1
181.64,20,2,grocery,8.18,35,F,302,291.76,790,0
51.39,9,6,online,40.76,52,M,168,7.59,459,0
576.38,11,0,travel,38.56,67,M,174,153.0,506,0
290.05,23,1,travel,133.7,47,F,486,1279.76,317,1
65.08,13,1,online,8.02,51,F,19,31.84,402,0
341.77,4,1,gas,20.44,59,M,460,165.33,531,0
17.5,20,3,travel,102.74,28,F,108,110.08,723,0
1200.21,17,2,electronics,9.33,44,M,192,706.44,846,0
149.73,4,1,gas,103.37,41,F,243,610.55,538,1
543.13,2,6,online,0.57,52,M,323,81.42,633,0
186.77,22,1,gas,53.58,56,M,279,25.4,448,1
367.06,4,5,grocery,8.63,25,F,227,295.96,707,0
395.61,23,0,gas,47.8,68,M,35,123.01,316,1
102.19,16,5,electronics,40.73,35,M,44,334.5,525,0
1746.4,18,5,grocery,52.0,30,F,385,9.79,559,1
746.12,18,0,restaurant,45.79,62,M,27,42.95,473,0
1402.55,20,6,online,4.65,41,M,153,347.86,504,0
1126.08,11,2,online,80.04,68,M,22,71.62,714,0
455.53,8,5,gas,50.01,40,F,206,584.71,807,0
1274.72,0,2,travel,0.24,29,F,419,18.11,452,1
46.33,17,5,grocery,9.88,66,F,90,72.81,402,0
109.07,20,4,restaurant,117.41,47,F,389,1962.99,364,1
23.14,3,0,grocery,52.35,48,F,418,170.26,416,1
196.77,9,5,online,17.04,45,M,358,364.17,455,0
246.07,6,4,grocery,53.23,39,M,37,60.51,381,0
158.28,21,3,restaurant,85.74,61,M,418,282.38,817,0
882.28,22,4,travel,19.64,45,F,227,388.5,366,0
220.61,0,1,gas,28.91,30,M,201,113.27,537,0
164.9,16,5,electronics,158.44,42,F,349,529.65,625,1
391.2,23,4,grocery,9.67,61,M,308,277.46,366,1
75.95,1,2,electronics,107.43,68,F,488,147.86,475,1
810.24,10,3,online,0.46,63,M,253,244.69,777,0
38.74,8,6,gas,8.32,24,M,37,257.95,554,0
2167.07,6,5,gas,151.91,62,F,220,54.29,362,1
739.74,21,1,grocery,11.95,23,M,499,154.62,702,0
110.77,16,6,travel,48.72,41,M,186,126.22,491,0
2.77,16,4,gas,34.1,36,F,42,153.7,628,0
844.95,1,6,grocery,11.36,36,M,358,429.53,370,0
613.55,5,6,grocery,38.35,53,M,113,197.65,362,0
652.83,13,3,electronics,13.32,68,F,259,845.61,596,0
737.61,5,6,gas,130.78,26,F,4,104.3,544,0
38.46,1,6,grocery,47.84,65,F,67,161.2,818,0
221.95,0,5,electronics,33.75,76,F,227,463.88,692,1
61.58,9,3,restaurant,26.23,53,F,122,236.91,476,0
994.26,20,1,electronics,19.98,55,M,172,237.58,503,0
488.15,4,4,electronics,7.61,57,F,335,16.44,832,0
200.91,1,3,grocery,25.52,76,F,152,152.55,427,1
32.83,21,3,online,125.36,46,M,461,94.71,494,0
186.24,15,0,online,14.57,41,M,266,2194.77,493,0
196.66,1,3,travel,54.38,65,M,156,110.6,483,0
653.94,9,0,online,3.83,22,M,161,647.54,546,0
507.44,1,4,electronics,37.92,70,M,213,338.32,623,0
1091.13,15,6,travel,29.88,71,F,397,125.07,459,1
319.53,15,5,grocery,40.03,59,M,375,235.27,365,0
63.69,18,5,gas,47.93,72,F,407,550.78,553,0
624.56,6,4,electronics,111.11,62,M,442,644.62,582,0
715.2,21,4,electronics,41.74,78,F,422,52.45,359,1
411.94,11,2,travel,67.88,43,M,25,124.46,417,0
736.94,23,6,grocery,26.18,31,F,426,122.49,722,0
340.41,14,4,restaurant,30.15,56,F,291,12.89,335,0
369.84,7,3,electronics,42.9,46,F,422,273.57,830,0
278.91,5,5,restaurant,56.58,69,F,188,578.93,390,1
12.87,9,1,restaurant,66.56,23,F,399,144.17,600,0
57.08,2,5,online,56.6,24,F,121,404.16,516,1
15.97,18,0,grocery,71.63,54,F,229,296.42,397,0
505.86,16,5,restaurant,98.2,70,F,58,141.31,755,0
188.7,6,2,grocery,38.7,35,F,95,45.62,830,0
355.22,20,6,online,19.43,40,F,261,370.66,837,0
1190.63,19,4,grocery,64.88,61,M,353,578.41,327,1
143.37,3,6,electronics,76.51,55,F,311,347.37,623,0
264.14,13,4,restaurant,13.72,76,F,135,5.41,522,0
704.37,19,5,grocery,17.19,18,M,349,73.09,379,0
129.9,21,1,gas,12.61,21,F,282,21.6,757,0
40.05,14,1,grocery,60.25,68,F,454,253.46,475,0
171.07,23,2,restaurant,43.57,61,M,410,423.76,821,0
87.9,7,0,online,42.36,64,M,472,35.16,756,0
1327.48,20,5,online,5.3,52,F,119,546.67,722,0
825.44,14,4,restaurant,33.54,40,M,429,243.25,399,0
501.75,21,5,electronics,41.67,44,F,424,351.32,702,0
1025.76,19,2,electronics,5.43,77,F,462,1066.32,679,0
813.98,13,3,online,4.2,43,F,24,26.22,830,0
103.25,8,3,online,26.18,69,M,341,694.47,631,0
1115.41,7,2,restaurant,54.8,77,F,145,40.44,617,1
387.55,16,4,electronics,67.97,25,F,11,149.75,836,0
823.67,1,6,online,84.27,60,M,86,572.03,388,1
1132.12,23,2,electronics,11.28,33,F,434,710.15,810,0
191.37,2,4,online,0.08,58,F,108,211.79,341,1
58.3,7,1,grocery,82.17,20,F,422,270.5,688,0
129.34,11,2,gas,13.85,49,F,344,369.45,380,0
278.53,0,4,travel,49.41,22,F,265,536.5,701,0
851.91,9,2,grocery,15.38,37,F,221,38.87,406,0
985.67,19,2,travel,97.82,31,M,73,498.33,410,0
3.49,2,6,online,44.5,77,F,481,196.92,576,0
357.44,5,6,gas,47.38,49,F,493,179.69,513,0
270.14,6,4,gas,48.32,43,M,332,165.44,805,0
125.58,19,4,online,7.76,64,F,309,213.52,420,1
63.84,22,0,online,3.16,23,F,412,870.4,433,0
205.95,17,2,electronics,58.46,76,M,101,238.36,670,1
1431.56,10,3,online,26.32,75,M,424,918.42,556,0
195.19,18,2,restaurant,38.88,53,M,492,59.64,479,1
365.73,4,2,online,113.66,57,M,136,386.35,347,1
607.04,18,4,restaurant,68.9,68,M,190,501.78,318,1
225.99,10,2,online,21.88,76,M,460,341.01,345,0
1783.9,23,5,electronics,6.32,22,M,420,280.12,750,0
1641.0,11,2,restaurant,29.93,30,F,141,249.59,355,1
145.03,9,5,grocery,45.88,49,F,356,591.83,391,0
343.83,7,6,restaurant,81.65,33,F,72,517.2,381,1
178.97,23,3,electronics,125.62,18,M,327,39.13,378,1
167.62,8,4,travel,19.49,30,F,166,566.32,582,0
18.79,3,2,restaurant,19.9,71,M,167,160.37,610,0
470.25,4,5,online,21.74,28,F,53,87.79,459,1
349.26,20,5,online,119.84,70,F,258,611.53,615,0
26.43,7,6,travel,15.59,25,F,438,169.7,455,0
163.31,22,5,electronics,99.43,42,F,110,495.65,767,0
1194.43,8,1,gas,40.34,57,M,231,91.71,761,0
136.93,14,0,online,28.09,49,M,160,1.18,416,0
78.27,14,3,grocery,26.74,41,F,351,205.23,663,0
336.14,15,6,electronics,14.07,45,M,326,31.68,765,0
2122.02,13,6,restaurant,34.2,31,M,18,421.19,483,1
138.57,7,2,restaurant,37.89,62,F,289,96.92,465,0
557.58,17,1,grocery,21.11,20,M,461,175.9,374,1
716.94,9,2,online,47.82,53,M,49,27.32,571,0
135.67,19,2,electronics,29.67,44,M,174,101.34,802,0
651.37,5,4,grocery,12.56,37,M,301,456.28,642,0
229.26,11,4,online,58.42,64,F,183,49.32,550,0
500.25,1,4,electronics,11.22,32,F,184,312.52,429,0
501.92,6,1,restaurant,134.98,79,M,338,748.22,657,0
383.69,15,2,electronics,26.43,44,F,306,341.68,707,0
47.31,2,0,travel,7.7,70,F,309,499.84,794,0
901.82,12,3,gas,39.11,62,F,345,34.61,781,0
193.41,2,4,electronics,119.94,58,M,80,86.6,377,1
103.22,17,4,gas,121.39,45,M,373,674.82,813,0
20.81,10,6,electronics,11.74,42,F,155,376.69,620,0
446.89,7,2,gas,21.33,59,F,274,306.12,589,0
565.93,5,2,travel,49.23,78,M,282,326.99,596,0
8.36,0,1,restaurant,1.49,61,F,431,160.43,774,0
358.82,0,1,online,39.59,63,M,499,13.67,322,0
128.41,22,4,gas,13.04,50,F,248,460.36,471,0
518.06,7,2,travel,32.53,63,M,146,340.63,617,0
95.8,4,0,gas,20.6,31,M,480,192.06,492,0
587.11,15,3,restaurant,79.21,25,M,434,690.06,417,0
244.48,10,2,gas,9.5,65,M,6,122.91,305,1
1380.17,4,6,travel,53.06,31,F,156,104.58,782,0
73.97,3,2,travel,43.24,18,M,170,618.59,431,0
208.57,5,5,grocery,59.06,33,F,68,478.35,392,0
60.22,13,1,restaurant,28.32,35,M,93,217.07,821,0
1293.1,21,6,grocery,33.06,24,M,368,42.03,593,0
1049.17,18,3,restaurant,71.16,32,F,362,72.65,691,1
149.16,8,4,gas,10.0,41,F,375,320.33,548,0
539.38,11,6,travel,31.46,66,F,185,145.86,716,0
849.74,10,2,grocery,44.84,68,M,391,543.23,442,0
405.07,13,4,gas,22.05,72,M,169,898.45,536,0
377.14,22,2,travel,0.21,30,F,203,491.41,586,0
138.44,15,4,restaurant,33.27,26,M,41,142.23,576,0
48.86,0,3,travel,88.03,73,F,12,466.32,686,0
1137.56,12,1,gas,21.33,73,M,153,129.9,681,0
1153.39,22,3,grocery,21.14,32,M,273,54.85,749,0
501.33,20,5,grocery,56.88,74,M,297,10.19,590,1
207.02,20,0,travel,22.52,75,F,50,146.19,468,1
214.78,12,1,gas,51.78,52,M,499,701.65,742,0
647.23,1,3,electronics,73.93,41,F,368,81.93,483,0
1137.05,3,5,restaurant,3.61,50,F,211,69.4,344,1
1090.57,5,0,restaurant,143.75,33,M,143,1050.18,567,1
756.78,22,5,gas,20.9,25,F,356,7.6,775,0
513.66,4,2,electronics,80.43,46,F,2,462.23,552,1
43.95,2,2,grocery,18.31,40,M,253,116.3,695,0
88.15,0,4,online,3.04,62,F,474,11.46,588,0
1144.12,3,1,online,78.34,48,F,334,749.59,511,1
466.25,19,2,gas,14.93,57,M,255,45.12,320,0
4.62,1,6,electronics,84.63,66,M,97,240.74,615,1
53.5,4,5,electronics,55.27,71,M,172,96.08,737,0
544.58,2,1,restaurant,40.93,72,F,149,20.22,722,0
2.54,8,6,grocery,16.66,31,F,487,15.36,532,0
87.66,19,2,travel,92.73,76,M,278,36.84,422,0
397.85,5,4,electronics,16.66,70,F,58,22.21,513,0
588.66,17,3,travel,4.52,47,M,445,428.83,339,1
527.72,5,4,online,24.23,70,M,112,199.41,631,1
126.97,18,6,travel,6.03,56,M,323,125.97,481,0
622.71,11,0,grocery,74.6,44,F,242,162.58,564,0
135.41,10,2,grocery,0.72,64,F,309,793.3,832,0
196.82,1,6,travel,17.41,33,M,56,724.9,731,1
686.18,14,0,gas,13.18,68,M,488,377.29,495,0
524.39,11,0,electronics,127.48,23,F,406,648.02,808,0
945.98,11,5,gas,111.67,72,M,366,115.54,746,0
535.91,8,1,travel,17.54,50,F,59,143.95,827,0
420.02,20,5,electronics,82.2,61,M,328,285.35,501,1
49.18,23,2,restaurant,15.04,35,M,215,293.15,432,0
229.21,1,0,gas,38.83,33,F,468,197.16,438,0
154.08,21,6,gas,23.02,29,F,232,153.58,792,0
139.85,2,3,travel,20.55,37,F,493,1284.5,369,0
1806.15,11,0,online,99.13,62,F,54,516.32,314,1
249.69,15,6,travel,7.12,57,F,372,171.27,511,0
1113.03,20,3,gas,53.11,76,M,207,389.81,359,0
498.67,23,5,electronics,26.52,46,M,62,94.23,551,1
791.91,0,5,online,17.15,47,F,183,31.66,745,0
349.22,20,1,travel,3.18,43,F,310,130.36,301,0
430.08,2,6,travel,13.77,39,M,280,154.74,635,0
339.15,19,0,gas,77.77,50,M,25,5.0,318,1
108.61,1,4,gas,49.44,75,F,176,505.88,377,1
640.88,8,5,restaurant,35.0,70,F,62,133.51,771,0
164.79,18,5,travel,2.24,56,M,428,260.55,327,0
12.31,14,1,gas,40.74,64,F,72,23.05,464,0
518.48,17,3,grocery,2.92,46,M,334,57.71,757,0
97.47,10,1,online,63.36,39,M,166,661.35,475,0
1410.54,22,0,grocery,26.99,62,F,224,281.47,328,1
1538.78,15,6,online,77.88,30,M,64,900.43,578,1
1231.75,21,2,travel,18.56,77,M,68,2005.39,582,0
231.14,16,2,restaurant,46.43,26,M,439,139.5,778,0
7.79,4,6,gas,54.01,41,F,8,106.49,818,1
1317.76,11,3,gas,10.06,32,M,235,586.33,604,0
279.47,10,5,gas,65.39,53,F,197,1973.84,408,0
1700.42,14,3,travel,36.62,30,M,411,297.98,623,0
1656.87,2,5,online,70.33,44,M,172,475.63,505,1
958.69,0,5,gas,84.11,61,M,281,456.63,533,1
174.39,19,2,grocery,1.08,54,M,27,131.71,757,0
243.15,15,3,gas,27.27,24,M,295,256.19,486,0
952.36,1,1,travel,22.53,25,F,398,537.03,781,0
190.57,1,5,restaurant,94.49,54,F,133,349.54,706,0
92.86,2,4,grocery,20.52,58,M,26,6.42,808,0
406.87,7,4,gas,3.23,31,F,37,123.16,819,0
1375.65,23,1,gas,21.74,75,F,195,46.81,352,1
595.41,14,4,electronics,52.46,29,M,202,79.57,697,0
422.06,6,0,online,32.39,53,F,84,707.71,498,0
51.11,5,5,grocery,100.06,69,F,319,11.28,690,0
477.27,8,1,electronics,10.08,78,F,29,74.46,797,0
2305.28,19,3,restaurant,24.09,57,F,465,111.13,471,1
75.46,0,5,online,29.34,34,M,98,287.83,385,1
365.25,7,1,grocery,49.46,57,F,386,229.14,485,0
1049.3,22,2,gas,12.18,70,M,189,73.87,455,1
675.02,22,3,grocery,90.18,46,M,11,53.82,792,0
597.04,2,2,gas,20.62,79,F,90,81.07,820,0
606.14,3,5,online,5.65,44,M,29,209.47,429,1
222.75,14,3,gas,34.8,18,F,212,94.9,380,0
173.78,5,4,restaurant,39.65,69,M,37,884.67,683,0
828.69,14,1,travel,22.36,51,F,340,187.01,594,0
830.66,20,5,gas,43.92,21,F,59,18.18,568,0
1008.98,2,0,restaurant,136.9,41,M,293,391.99,834,0
1222.31,20,3,travel,8.2,38,F,359,119.63,677,0
358.05,20,3,online,25.51,50,F,142,317.95,675,0
348.09,13,6,online,50.84,24,F,401,98.38,387,0
800.47,19,5,grocery,11.83,18,F,179,253.71,410,0
524.86,13,5,restaurant,22.85,58,M,284,443.72,453,0
605.28,3,2,restaurant,13.86,20,M,111,789.36,762,0
794.31,11,6,electronics,40.78,61,M,229,90.79,455,0
1103.66,16,4,electronics,6.2,68,F,443,122.33,617,0
206.24,6,2,travel,33.44,32,M,20,187.24,537,0
235.47,8,6,travel,32.33,48,F,144,785.91,633,0
49.35,2,2,electronics,21.45,71,F,488,694.97,405,0
431.71,12,4,travel,48.26,33,F,498,28.25,781,0
18.3,14,6,gas,15.53,27,M,145,42.44,681,0
313.3,17,6,electronics,108.68,71,M,440,205.26,560,0
391.15,18,0,restaurant,4.64,46,M,374,33.82,592,0
168.82,0,2,gas,6.71,76,M,420,127.2,634,0
446.82,5,2,travel,27.55,76,F,315,48.19,775,0
15.49,22,3,online,22.23,23,M,165,303.21,524,0
19.03,1,4,grocery,82.85,46,M,139,895.71,753,0
864.68,23,1,electronics,149.72,34,M,202,1717.24,595,1
223.29,13,0,online,76.88,70,M,495,141.12,762,0
67.94,5,6,travel,2.66,77,F,243,274.15,513,0
369.33,13,6,restaurant,4.67,39,M,112,581.94,457,1
734.82,3,6,grocery,63.43,41,M,467,37.49,571,0
121.56,20,0,online,64.17,78,M,200,350.93,537,0
487.61,7,6,grocery,4.24,34,F,384,157.7,602,0
44.61,2,6,electronics,8.09,38,M,313,69.26,820,0
26.53,18,4,travel,49.21,68,M,258,154.63,620,0
378.95,13,5,restaurant,50.69,67,M,254,23.7,358,1
388.96,19,5,travel,17.23,28,F,446,356.63,657,0
507.27,16,3,grocery,0.72,73,F,404,87.4,550,0
647.48,7,3,online,42.26,24,M,22,111.93,735,0
1861.78,23,6,electronics,19.95,59,M,392,38.72,445,1
363.15,13,4,electronics,80.31,56,F,245,599.99,651,0
195.01,5,6,travel,50.46,22,F,338,204.04,544,0
792.83,22,3,online,28.58,61,F,492,254.69,600,0
157.93,21,0,online,39.55,65,F,310,252.8,737,0
288.99,15,0,grocery,3.34,78,F,365,158.54,399,0
40.85,18,1,travel,11.31,74,M,371,64.15,779,0
12.84,13,5,travel,1.24,38,M,402,410.1,714,0
1643.69,18,4,gas,45.0,35,M,317,40.77,464,1
903.88,2,2,travel,30.05,52,M,86,32.9,601,0
595.32,9,5,electronics,1.14,37,F,218,371.51,420,0
262.93,18,2,grocery,57.48,32,F,474,70.28,387,0
95.15,8,1,online,11.3,22,F,422,109.92,516,0
85.06,19,1,travel,14.67,30,F,355,193.44,478,0
144.0,12,6,grocery,32.72,68,F,459,179.0,462,0
398.4,6,3,travel,30.65,29,M,26,369.9,469,0
626.92,13,1,online,64.36,79,M,429,293.0,600,0
539.7,8,1,restaurant,19.74,72,M,289,310.18,673,0
164.21,22,2,online,12.87,38,M,288,375.59,502,0
1549.05,18,3,online,7.29,54,M,347,103.85,346,0
669.51,14,1,online,28.34,23,F,222,116.73,762,0
404.12,19,5,travel,80.45,24,F,351,172.87,707,0
473.02,13,1,gas,13.07,43,F,177,110.22,493,0
272.02,23,3,online,1.6,59,F,147,1258.67,726,0
142.33,5,6,electronics,38.89,65,F,423,504.69,616,0
220.01,20,4,electronics,48.83,25,M,226,53.97,778,0
709.09,3,3,grocery,52.53,26,M,350,1.68,720,1
7.25,7,2,gas,39.05,44,M,185,13.12,568,0
61.69,16,4,grocery,2.25,21,F,414,83.94,780,0
23.55,8,5,electronics,25.07,38,F,293,36.41,562,0
20.79,0,0,electronics,50.17,48,F,469,228.65,725,0
967.1,23,3,restaurant,20.6,38,F,428,585.57,465,1
608.12,19,6,online,6.27,57,M,40,400.4,727,0
321.39,13,2,electronics,24.81,42,F,392,72.85,696,0
51.48,10,5,travel,35.17,56,M,499,152.9,515,0
338.26,20,4,travel,86.6,32,F,392,212.72,406,1
320.73,2,5,grocery,73.05,70,M,190,498.54,397,0
95.1,8,3,grocery,25.63,52,F,78,548.13,781,0
284.45,13,1,online,62.83,66,F,204,721.45,798,0
254.17,8,6,online,1.07,60,M,383,213.54,529,0
478.36,3,3,restaurant,36.55,58,M,277,355.52,556,1
504.06,3,0,gas,41.05,54,F,271,35.57,342,1
23.18,7,3,grocery,70.08,74,M,31,249.92,541,1
234.69,1,4,online,64.53,59,F,449,85.78,394,0
491.56,8,4,grocery,38.3,64,F,473,169.54,487,0
349.72,13,3,online,24.9,45,M,141,301.58,684,0
970.67,21,4,electronics,24.95,78,F,250,89.11,699,0
537.49,8,1,grocery,63.26,31,F,293,16.08,805,0
88.93,23,5,electronics,60.5,21,M,97,3.09,466,0
36.59,22,3,grocery,36.9,70,F,135,6.72,424,1
514.2,15,6,gas,38.22,37,F,483,2.52,386,0
13.43,16,1,restaurant,52.64,51,F,276,35.08,788,0
440.67,15,5,travel,64.11,29,F,311,82.13,525,1
1408.63,11,6,travel,16.25,50,M,301,75.01,644,0
428.39,2,6,travel,22.88,41,M,42,1298.18,817,0
245.65,10,6,electronics,5.11,37,M,119,109.59,330,0
515.41,13,5,online,30.36,22,F,219,40.89,595,0
306.48,17,1,travel,17.45,55,M,45,236.61,713,0
394.41,20,6,gas,7.66,47,M,235,585.49,434,1
1419.06,20,6,travel,127.25,41,M,47,340.02,824,0
243.96,4,2,grocery,64.73,60,F,197,105.33,303,1
1624.55,15,3,electronics,68.48,57,M,83,247.4,477,1
1178.79,19,5,grocery,43.57,24,M,30,376.43,558,0
108.95,4,5,grocery,1.63,53,F,160,390.7,364,1
35.94,2,4,grocery,6.23,55,F,427,329.47,662,0
53.11,11,5,restaurant,10.81,33,F,70,613.94,316,0
9.19,0,1,restaurant,29.41,69,F,7,612.31,499,0
49.6,20,5,online,39.46,32,F,456,259.49,843,0
574.44,8,2,electronics,20.04,63,F,385,168.56,511,0
36.92,8,3,gas,5.47,40,M,400,307.81,734,0
192.08,3,3,gas,9.71,29,M,51,511.47,572,0
931.76,2,5,gas,49.63,46,F,44,1.7,589,0
11.77,16,6,grocery,84.17,61,F,292,1448.38,782,1
842.27,1,0,restaurant,130.28,65,M,425,60.6,533,1
165.54,23,0,electronics,79.97,32,F,299,190.6,707,0
62.88,0,6,grocery,42.95,46,F,464,616.79,445,0
596.58,7,6,restaurant,59.35,62,M,372,76.48,729,0
495.7,12,6,restaurant,71.19,60,F,37,194.33,731,0
1049.71,22,1,travel,0.17,79,F,354,42.67,844,0
664.15,14,0,travel,44.45,66,M,379,150.8,796,0
813.5,7,6,electronics,2.82,38,M,494,58.49,388,0
165.67,11,1,electronics,96.45,32,M,230,135.59,710,0
97.67,21,4,electronics,38.27,31,M,477,140.26,540,0
694.38,11,1,grocery,25.86,59,M,261,1495.96,522,0
822.1,13,0,online,53.49,61,F,67,1578.48,767,1
2328.5,14,5,electronics,72.94,33,F,178,36.58,621,1
266.04,14,4,travel,29.91,32,F,356,388.35,674,0
232.62,8,0,online,43.97,59,F,418,15.94,411,0
748.98,18,1,grocery,16.51,21,F,185,9.2,826,0
208.37,19,2,online,36.71,44,M,440,33.39,711,0
1335.07,21,3,gas,12.41,40,F,200,1009.91,568,0
977.42,7,0,online,46.15,46,F,389,848.37,551,0
280.18,20,6,electronics,13.6,58,F,12,64.67,673,0
694.89,18,1,grocery,60.04,70,F,442,52.9,749,0
702.32,5,6,electronics,0.39,69,F,213,82.54,836,0
54.42,19,6,travel,3.67,26,M,219,217.42,667,0
1164.22,18,6,gas,61.56,70,F,285,252.99,554,0
351.85,3,6,travel,31.09,74,F,243,75.15,762,0
875.67,22,6,electronics,0.59,73,F,355,423.94,567,1
192.87,6,4,electronics,71.69,69,F,257,111.12,425,0
1129.4,3,0,electronics,14.44,60,F,57,765.82,692,0
246.49,21,0,restaurant,16.35,60,F,35,320.77,633,0
5.45,11,3,gas,121.47,24,M,327,172.0,667,0
1178.95,12,1,electronics,7.7,70,F,428,468.07,755,0
47.86,2,2,electronics,85.44,59,M,489,510.98,366,0
192.33,21,4,travel,83.61,21,M,497,102.95,365,1
1498.49,11,1,travel,27.6,22,F,392,124.52,699,0
1503.97,1,4,electronics,41.95,22,F,381,824.45,586,1
426.0,23,0,grocery,92.24,28,F,192,54.0,485,1
499.62,1,6,restaurant,5.53,58,M,332,12.92,583,0
297.51,22,3,travel,77.04,45,F,49,181.57,815,0
173.51,8,3,grocery,122.15,33,F,462,484.65,536,0
199.24,0,5,restaurant,34.51,58,F,31,443.09,317,1
558.16,7,2,electronics,26.32,71,M,97,755.96,713,0
697.92,22,3,gas,28.01,47,M,42,228.56,308,1
784.1,5,6,online,27.25,21,F,380,31.63,719,0
779.42,5,0,online,34.05,19,M,350,266.52,328,1
47.82,21,2,electronics,112.9,63,F,333,452.06,647,0
341.02,17,1,travel,68.54,20,M,309,29.39,749,0
29.64,16,6,grocery,24.21,67,F,46,56.86,679,0
398.73,11,6,gas,3.24,38,M,269,3.71,665,0
291.28,5,3,restaurant,170.74,23,F,431,270.16,526,0
1093.31,7,2,electronics,51.33,60,F,310,653.41,417,0
216.1,18,0,gas,13.44,70,M,412,333.2,711,0
62.25,9,5,gas,8.77,35,M,430,1205.88,655,0
77.15,0,4,travel,23.87,61,M,62,19.53,553,0
716.72,12,4,restaurant,100.23,22,M,18,699.92,842,0
481.45,16,0,gas,35.63,26,M,346,504.71,743,0
53.3,2,0,travel,109.12,37,F,392,113.17,380,0
43.93,7,4,grocery,61.53,45,F,100,1089.48,345,1
603.6,13,5,travel,22.76,43,M,36,101.88,348,1
37.77,2,2,grocery,15.35,35,F,106,660.29,748,0
862.59,15,4,grocery,46.08,36,F,91,637.96,706,0
612.5,12,0,gas,11.38,20,M,307,425.22,582,0
42.42,19,3,travel,48.0,26,F,184,248.67,772,0
44.33,23,1,grocery,29.06,53,F,215,38.35,715,0
2157.73,16,5,restaurant,21.52,48,M,27,227.77,420,1
234.42,12,6,gas,87.22,66,M,35,132.39,302,1
231.53,5,5,travel,84.66,34,F,371,471.38,615,0
837.79,16,3,travel,4.43,72,M,319,425.81,759,0
1471.08,13,3,online,81.39,40,F,17,724.43,526,1
2134.39,16,6,travel,11.34,51,M,344,4.48,378,1
699.95,7,0,gas,3.67,58,M,418,496.81,843,0
236.01,10,4,restaurant,22.86,58,M,195,836.43,370,1
43.6,19,2,travel,34.24,22,M,77,467.2,496,0
750.62,0,5,online,7.77,32,F,166,41.85,357,0
408.68,6,6,gas,21.09,64,M,89,25.43,723,0
276.02,20,5,grocery,59.37,20,M,263,6.32,768,0
1184.12,20,3,electronics,26.48,36,F,471,297.26,347,1
58.94,16,4,electronics,22.14,45,F,207,298.01,734,0
339.25,9,5,grocery,44.71,20,F,211,1300.86,484,1
5.71,10,2,travel,53.34,55,F,270,152.27,464,1
316.18,21,3,electronics,16.87,21,M,262,121.0,630,0
28.98,8,2,electronics,3.71,41,F,272,293.79,629,0
63.25,8,4,grocery,29.46,48,M,341,523.94,420,1
62.51,23,5,travel,59.7,62,F,213,828.31,512,1
523.78,4,1,travel,9.48,76,M,373,487.55,806,0
685.3,16,5,grocery,103.58,62,F,63,166.89,467,1
437.78,8,4,travel,63.79,76,M,11,302.29,845,0
1637.36,16,5,travel,71.31,28,M,209,582.01,726,0
234.9,23,6,gas,72.37,54,F,311,202.36,520,1
168.23,20,5,gas,20.7,18,M,173,73.27,309,1
1014.75,18,0,grocery,43.1,26,M,430,55.8,419,1
126.54,6,5,restaurant,44.55,34,M,255,0.05,546,0
1651.44,22,5,electronics,69.43,71,M,462,380.01,659,0
6.11,8,2,gas,45.42,18,F,100,35.33,520,0
1751.26,6,1,electronics,10.56,20,M,15,83.85,805,0
22.06,12,2,online,31.62,64,M,196,106.09,357,0
1108.86,10,2,grocery,65.07,43,F,257,246.55,759,0
375.07,13,3,restaurant,3.46,70,F,383,152.23,427,1
2478.41,18,0,online,21.49,48,F,243,336.88,385,0
38.33,10,2,online,7.14,43,M,347,17.17,403,0
403.55,12,6,travel,60.67,40,M,248,39.7,442,0
1741.79,13,4,online,65.83,47,F,104,207.47,504,1
370.22,12,6,grocery,122.86,27,M,181,123.28,337,1
496.31,0,4,gas,23.69,25,F,154,105.21,662,0
594.95,7,5,grocery,68.13,61,M,286,20.81,608,0
303.06,11,3,gas,22.1,42,F,168,678.2,351,1
493.84,18,0,online,26.64,39,M,419,353.12,300,1
438.91,11,6,online,95.4,32,F,46,38.9,310,1
1157.12,7,0,restaurant,6.02,76,M,42,20.18,513,0
23.26,7,6,gas,19.27,58,F,320,1105.14,817,0
164.92,20,5,online,70.08,73,M,305,342.93,714,0
1502.0,12,4,travel,13.21,74,M,220,162.11,307,1
1104.84,11,1,electronics,75.31,27,M,0,362.93,304,1
304.09,15,3,restaurant,41.46,37,F,199,423.58,661,0
483.97,0,6,grocery,61.58,58,M,440,454.19,411,1
162.44,12,6,restaurant,8.92,64,M,143,194.96,572,0
104.2,6,5,electronics,34.29,40,M,377,168.57,721,0
311.53,4,3,gas,3.71,70,F,27,3.33,564,1
217.98,7,4,grocery,57.03,70,M,341,783.37,757,0
438.12,13,4,grocery,26.47,18,F,337,277.38,511,0
40.46,22,6,gas,79.28,19,M,277,68.13,377,1
1832.48,12,1,restaurant,67.0,75,F,40,756.24,520,1
2141.93,14,1,online,0.52,36,F,331,739.29,668,0
598.93,22,0,restaurant,43.52,79,M,146,1358.02,646,0
384.04,16,3,electronics,1.95,31,F,344,621.58,324,1
185.19,14,3,travel,75.1,25,F,177,1833.67,719,0
840.45,19,4,online,42.49,55,M,314,84.19,653,0
577.16,17,0,restaurant,27.15,29,F,324,554.02,716,0
88.74,17,5,travel,31.34,43,F,417,519.53,814,0
1209.15,1,3,travel,35.32,44,F,166,78.78,514,1
864.5,3,0,gas,20.16,46,F,122,31.09,411,1
1495.87,0,0,electronics,14.64,32,M,73,1165.04,727,0
646.8,3,6,electronics,17.28,63,F,238,105.3,515,0
475.2,17,4,electronics,1.86,70,F,248,614.13,712,0
270.85,4,0,online,61.29,78,M,262,1.24,679,0
1349.51,18,1,grocery,18.62,18,M,251,6.37,531,0
1005.2,14,1,online,64.48,77,F,356,188.14,557,0
23.14,7,2,restaurant,99.41,60,M,110,81.82,555,1
13.36,19,4,travel,52.56,45,M,179,351.2,702,0
236.17,16,6,travel,97.18,74,M,187,250.11,723,0
831.82,0,5,grocery,24.27,20,M,307,24.2,364,0
2182.14,11,2,restaurant,107.12,68,M,206,53.25,489,1
81.5,18,1,grocery,122.72,35,M,233,147.33,472,0
450.86,14,6,travel,66.67,69,M,23,61.59,526,1
239.74,8,2,online,31.07,77,M,25,471.39,687,0
1751.85,6,4,electronics,24.32,51,M,380,161.39,700,0
922.96,1,6,travel,1.21,49,F,217,29.43,512,0
911.1,8,4,gas,44.6,46,F,493,198.69,352,1
316.21,9,0,electronics,22.06,42,F,345,28.57,438,1
267.92,1,3,travel,16.77,77,F,377,41.41,717,0
159.69,18,0,online,18.67,43,F,9,82.18,442,1
29.01,10,4,grocery,80.23,56,M,16,588.82,808,0
1000.21,12,6,electronics,29.13,25,M,244,775.53,785,0
838.06,9,1,online,51.35,36,F,205,525.05,736,0
4086.22,13,5,restaurant,6.15,71,F,257,121.97,842,1
2847.44,17,1,gas,42.6,64,M,111,95.42,592,1
405.33,18,6,electronics,40.46,59,F,204,238.99,583,0
732.64,21,0,grocery,4.99,39,M,26,383.88,313,0
1448.09,8,5,restaurant,14.87,46,F,456,1504.97,571,0
947.39,6,6,online,43.82,50,M,70,42.32,324,1
142.08,2,4,gas,21.51,55,F,175,15.16,621,0
299.41,19,1,grocery,35.66,62,M,201,355.6,402,1
69.15,5,4,online,26.49,63,F,247,535.54,339,0
1540.11,20,5,online,60.32,52,F,117,561.92,534,1
465.92,1,5,electronics,10.03,60,M,8,340.39,388,1
129.8,5,1,electronics,22.88,20,M,85,923.84,399,0
556.91,2,4,grocery,13.59,36,F,22,214.62,443,1
481.34,15,2,travel,55.31,27,F,454,735.38,381,1
221.71,7,4,travel,79.54,44,M,239,1030.85,528,0
60.27,1,5,online,44.17,32,M,72,563.5,694,0
556.72,16,4,electronics,73.06,28,M,26,111.21,812,0
367.31,8,6,gas,21.62,64,F,471,65.53,496,0
739.9,11,0,gas,60.28,43,F,348,238.3,573,0
367.15,2,2,online,23.77,76,M,80,181.0,671,0
955.89,10,3,electronics,31.25,41,F,83,630.53,379,1
401.38,0,6,grocery,32.34,30,F,198,31.62,534,0
411.56,22,0,grocery,29.76,49,M,42,89.42,586,0
1046.38,12,3,grocery,136.96,54,F,487,418.05,844,1
258.32,14,1,gas,3.3,21,M,262,29.94,736,0
71.94,4,3,electronics,52.25,30,M,91,116.04,426,1
14.6,20,6,electronics,19.38,26,F,338,146.89,716,0
703.53,16,4,gas,41.68,74,F,446,292.33,340,0
484.2,22,6,grocery,74.93,66,M,83,51.64,768,0
608.83,23,3,grocery,57.45,51,M,299,591.13,596,0
119.74,5,5,online,97.47,73,M,422,178.01,341,1
73.31,20,0,travel,16.74,54,F,295,746.75,578,0
7.33,21,0,restaurant,62.83,65,M,134,189.26,758,0
215.84,10,3,travel,3.74,24,M,453,96.49,332,0
445.7,17,0,electronics,26.86,18,M,280,45.89,575,0
248.99,3,5,electronics,12.52,77,M,488,1.13,389,0
287.66,2,6,electronics,50.52,75,F,58,227.89,823,1
1172.53,12,0,travel,17.48,29,F,396,34.0,459,0
214.05,22,3,restaurant,21.48,38,M,358,149.14,757,0
360.76,8,2,online,49.43,28,F,487,266.95,698,0
765.44,20,2,travel,53.34,61,F,341,96.76,390,0
252.54,5,1,restaurant,3.15,68,F,240,57.79,765,0
486.55,11,0,grocery,26.9,75,M,464,447.13,519,1
991.57,1,6,grocery,46.03,61,F,367,880.06,718,1
1493.1,2,3,electronics,41.31,61,F,341,31.75,678,1
79.54,2,0,gas,22.03,31,M,97,50.74,746,1
1305.83,11,4,electronics,91.63,51,M,61,965.76,445,1
338.75,14,5,gas,49.13,51,F,263,11.55,532,0
149.37,8,0,restaurant,2.53,42,F,112,1140.04,670,0
307.29,22,0,grocery,2.23,78,M,428,1.4,533,0
1956.83,7,2,travel,7.9,21,M,145,620.65,666,1
339.25,10,5,gas,51.61,69,M,215,110.16,780,0
199.31,15,3,restaurant,11.14,72,M,255,837.05,662,0
501.74,21,0,grocery,1.24,43,F,315,114.35,810,0
137.31,3,2,travel,72.9,33,M,315,318.66,394,0
39.45,0,1,gas,29.58,27,F,361,25.03,515,1
68.99,23,5,electronics,79.93,62,F,257,83.25,842,0
68.51,6,2,electronics,59.9,19,F,193,445.74,434,0
82.38,1,2,electronics,38.83,52,M,346,225.67,382,0
74.73,23,6,restaurant,14.89,36,M,13,789.2,690,0
512.04,4,2,electronics,69.5,23,F,303,167.98,346,1
100.37,6,6,online,41.11,36,F,102,611.63,691,0
212.07,3,0,grocery,40.99,76,F,244,178.78,684,0
1135.49,4,0,restaurant,18.04,70,F,244,1162.54,680,1
321.19,23,1,travel,67.74,69,F,311,964.42,376,1
550.64,0,4,electronics,25.98,68,M,267,119.76,558,0
94.56,0,4,grocery,21.87,25,M,223,651.27,698,0
106.78,14,4,gas,38.38,31,M,219,564.4,399,0
20.86,19,6,electronics,20.46,27,F,310,70.98,800,0
92.52,18,5,grocery,76.54,20,F,411,293.68,682,0
163.27,9,5,online,13.71,55,M,365,22.64,491,0
97.41,17,1,gas,147.56,46,M,216,543.67,644,0
46.44,2,5,online,52.51,32,F,3,57.55,309,1
64.28,10,4,travel,24.07,40,M,473,22.03,563,0
308.81,14,4,grocery,90.21,40,M,35,153.36,567,1
115.55,10,2,online,29.6,35,M,177,258.06,494,0
226.49,16,5,travel,7.68,63,F,386,579.13,706,0
350.0,16,0,grocery,37.44,36,F,256,1097.71,595,0
586.23,5,0,grocery,32.8,45,M,16,173.67,396,1
20.05,4,2,online,88.43,43,F,198,18.71,761,0
803.25,7,2,grocery,29.95,27,M,317,414.83,386,1
494.3,1,2,electronics,83.02,64,M,47,249.84,376,1
42.65,15,0,grocery,74.55,21,F,61,178.2,782,0
1034.07,19,4,restaurant,97.69,72,F,68,111.0,445,1
1268.35,23,2,travel,79.75,19,F,146,209.39,410,1
31.51,11,1,grocery,43.0,20,M,358,124.06,596,0
162.09,5,6,restaurant,31.33,24,M,365,424.42,725,0
820.47,0,2,grocery,19.37,72,M,161,235.51,633,1
689.68,3,6,grocery,49.72,33,F,226,628.3,822,0
101.99,16,3,online,69.59,48,M,432,235.28,837,0
117.45,12,2,electronics,28.95,27,M,463,81.65,461,0
231.39,17,0,travel,32.72,36,M,487,571.33,729,0
331.33,4,5,electronics,11.09,45,M,497,244.4,368,0
481.5,23,2,gas,20.1,34,F,430,69.52,432,1
230.16,23,5,online,102.75,45,F,486,293.06,488,1
310.45,2,3,online,8.6,36,F,346,132.82,578,1
688.11,10,1,electronics,91.94,54,M,488,558.15,729,0
18.69,12,5,online,24.51,40,M,229,181.16,841,0
145.47,3,6,electronics,56.12,37,M,369,388.87,460,1
624.75,13,4,online,41.78,30,F,177,30.12,752,0
1127.88,21,2,grocery,51.0,30,F,344,151.27,469,1
358.39,10,3,electronics,9.3,60,F,409,1226.65,356,0
379.76,9,3,electronics,2.56,28,F,55,495.8,539,0
56.68,18,5,restaurant,33.2,65,F,77,52.28,657,0
296.57,17,1,online,12.22,32,M,269,97.62,500,0
380.3,5,0,online,70.01,34,F,205,120.06,743,0
138.85,14,2,electronics,141.86,71,F,280,315.26,601,0
156.84,20,3,grocery,65.46,67,F,227,424.4,405,0
236.83,9,1,grocery,81.49,45,M,387,415.32,400,1
10.14,4,4,travel,25.26,36,F,238,213.93,396,1
194.36,4,3,grocery,89.41,21,F,462,499.52,328,1
118.78,9,1,online,56.22,39,F,287,172.38,805,0
198.37,4,0,restaurant,23.06,39,M,81,39.68,737,0
63.78,2,0,electronics,58.0,72,M,333,249.34,678,0
1106.04,22,3,gas,0.29,54,F,249,912.86,372,0
450.2,5,6,restaurant,18.72,56,F,192,472.5,553,0
568.32,3,3,gas,60.54,51,F,105,259.32,815,1
778.35,17,5,restaurant,22.22,50,F,188,312.22,849,0
345.02,8,2,grocery,52.12,61,M,275,800.2,319,1
45.47,16,1,online,21.54,59,F,73,167.76,834,0
385.13,12,3,gas,96.47,57,M,9,120.77,720,0
441.96,14,2,restaurant,8.72,50,F,122,1134.85,745,0
684.11,19,5,online,36.74,29,M,215,597.3,435,0
282.52,16,2,gas,0.3,19,M,289,117.04,804,0
68.24,12,3,electronics,107.34,76,F,444,186.96,600,0
166.88,15,0,restaurant,86.04,45,M,475,160.88,332,0
225.56,21,1,electronics,28.47,27,F,410,48.44,577,0
519.11,3,1,grocery,42.19,39,M,39,949.74,432,1
422.89,4,0,electronics,3.66,34,M,192,155.41,826,0
220.1,4,6,electronics,46.57,43,F,126,624.62,425,1
2153.1,8,3,travel,111.74,20,F,288,62.98,644,1
465.42,16,1,restaurant,16.75,24,M,451,238.14,316,0
135.4,12,3,grocery,103.35,61,M,70,7.28,677,0
53.67,1,5,electronics,39.93,25,F,136,433.46,359,1
82.94,12,3,online,23.47,37,F,143,260.9,766,0
141.15,21,2,gas,130.62,29,F,388,294.72,690,0
87.58,20,0,electronics,39.58,52,M,353,15.93,486,1
103.25,22,6,grocery,53.82,34,F,379,71.11,797,0
167.8,18,3,electronics,6.53,45,F,406,23.17,660,0
95.2,2,6,gas,19.82,58,M,298,102.29,748,0
1135.38,9,6,grocery,28.39,27,F,369,296.21,480,0
41.82,1,5,restaurant,99.07,39,F,344,250.54,429,1
371.71,12,4,grocery,4.52,55,F,440,284.14,448,0
264.15,18,0,restaurant,18.66,74,F,434,239.05,771,0
2019.32,16,6,grocery,92.82,50,M,268,95.66,799,1
59.41,20,1,gas,4.98,39,F,383,84.12,654,0
253.63,13,2,gas,45.51,61,F,407,44.22,510,0
1744.53,11,1,grocery,63.87,54,F,138,567.28,329,1
1003.12,20,5,electronics,10.16,30,F,51,287.51,323,1
849.33,11,5,gas,35.49,44,F,498,61.93,521,0
149.14,10,1,restaurant,53.06,32,F,16,58.52,700,0
93.7,6,0,restaurant,0.05,39,M,164,619.15,811,0
552.28,3,1,online,60.79,47,M,12,407.29,387,1
1325.19,18,3,travel,7.35,60,M,189,323.11,764,0
406.83,0,1,travel,13.75,57,F,474,156.7,349,0
423.86,23,2,travel,56.35,54,F,339,91.13,402,1
164.24,2,2,restaurant,5.17,51,F,352,1165.48,667,0
733.74,12,4,online,20.78,61,M,361,478.72,791,0
103.54,14,2,travel,0.04,77,F,351,107.77,567,0
195.54,1,1,travel,50.6,51,M,263,564.3,696,0
277.07,10,2,grocery,66.28,75,F,311,426.8,619,1
354.24,3,0,grocery,78.73,65,F,220,105.75,819,0
138.81,18,6,grocery,17.45,70,M,103,166.83,748,0
60.99,16,2,electronics,43.06,52,M,338,61.72,775,0
471.6,2,3,travel,34.44,59,M,197,35.32,539,0
170.28,17,0,electronics,18.25,36,M,299,384.86,557,1
435.23,7,4,online,78.47,25,M,443,93.39,689,1
83.83,21,3,restaurant,12.92,56,M,358,514.54,642,0
328.06,23,1,travel,43.12,50,F,367,1628.44,686,1
380.27,18,6,restaurant,1.86,61,M,168,23.91,693,0
26.61,4,1,grocery,23.44,78,F,148,192.19,569,0
205.19,6,6,travel,10.25,45,F,248,485.94,448,0
72.17,20,6,gas,56.7,54,F,255,466.7,679,0
32.74,7,1,electronics,38.05,65,F,469,428.13,327,0
2300.6,4,3,electronics,68.41,42,F,41,128.77,448,1
194.57,16,3,travel,38.05,53,M,201,181.46,719,0
830.04,4,6,grocery,60.56,34,M,457,271.14,579,0
146.94,3,3,electronics,125.72,41,M,243,1094.21,481,1
572.07,21,6,grocery,38.76,38,F,156,119.05,465,0
714.03,18,6,online,45.73,19,M,463,769.75,316,1
452.72,20,0,restaurant,1.16,48,F,448,94.15,449,0
318.93,1,5,gas,75.66,61,F,400,1355.0,638,0
265.38,10,0,restaurant,34.66,50,F,285,332.84,344,0
214.52,21,1,restaurant,50.49,47,F,281,186.81,801,0
1326.28,12,5,online,83.98,29,M,436,285.1,488,0
887.8,14,2,electronics,53.86,61,M,380,95.46,360,1
1676.59,11,1,gas,33.98,29,M,237,96.13,593,0
66.36,21,4,electronics,33.85,68,M,18,36.16,332,1
656.28,20,0,travel,87.87,74,M,52,36.33,598,1
1393.06,21,3,restaurant,61.14,66,F,84,128.16,714,0
99.98,10,0,travel,81.22,69,M,272,431.73,848,0
34.41,6,3,grocery,76.04,41,F,429,280.93,730,0
675.7,4,5,restaurant,6.21,41,F,359,32.47,794,0
427.21,16,4,electronics,49.92,75,F,212,573.64,399,1
922.04,23,5,restaurant,66.25,77,M,436,275.91,322,1
75.28,19,4,grocery,14.35,28,F,360,972.15,719,0
793.03,8,0,online,89.63,30,F,103,332.77,723,0
112.59,13,3,travel,0.75,44,M,191,57.78,786,0
89.36,11,5,travel,73.4,25,F,428,192.61,388,0
89.72,5,4,electronics,120.68,27,F,176,313.66,508,0
842.55,16,6,restaurant,48.11,25,F,146,8.6,570,0
547.11,18,1,electronics,58.22,37,M,379,4.51,705,0
370.19,18,1,online,29.02,25,F,454,41.57,577,0
222.23,15,5,restaurant,34.2,26,F,80,86.97,505,0
1048.6,11,3,restaurant,32.88,24,M,192,168.4,627,0
249.16,11,6,electronics,21.07,31,M,36,200.5,635,0
848.04,19,5,electronics,11.51,45,F,376,44.56,337,0
289.14,5,0,grocery,55.02,19,M,325,335.7,527,1
236.56,22,4,online,2.66,74,M,153,272.0,782,0
310.58,3,0,grocery,68.69,60,M,129,104.64,433,1
179.32,5,1,travel,17.34,25,M,58,4.13,689,0
688.39,10,4,restaurant,115.36,30,M,223,24.25,724,0
349.3,0,5,electronics,51.8,38,M,248,149.12,809,0
132.12,23,0,restaurant,6.99,64,M,239,50.16,726,0
1149.17,22,2,restaurant,12.82,45,F,373,141.88,773,0
242.17,14,3,gas,10.99,52,M,388,296.81,660,0
392.14,10,6,travel,88.57,40,M,292,237.72,510,0
1184.75,18,6,gas,29.22,63,M,286,78.87,478,0
489.4,17,3,restaurant,2.56,79,F,203,126.4,357,0
62.16,16,2,electronics,52.73,32,M,98,285.6,372,0
1405.31,18,1,restaurant,24.66,19,M,349,591.67,514,0
494.04,20,4,travel,28.76,78,F,175,419.77,372,1
203.91,13,3,gas,28.26,68,M,261,241.83,766,0
74.99,17,2,electronics,16.42,29,F,270,134.96,570,0
790.0,18,5,restaurant,76.58,74,F,142,136.26,798,1
483.89,14,6,online,60.48,69,M,188,634.63,653,0
381.21,14,2,travel,14.87,53,F,271,12.01,533,0
1121.65,3,1,travel,70.78,20,M,19,1326.42,618,1
777.0,6,1,online,46.85,22,M,332,327.53,318,1
82.25,12,0,restaurant,81.27,20,F,299,342.9,671,0
186.78,2,3,travel,10.83,74,F,425,11.62,483,0
142.83,15,0,electronics,30.28,64,M,45,279.06,576,1
681.18,8,6,restaurant,28.81,36,M,94,198.95,444,1
17.05,7,2,restaurant,5.15,19,F,417,33.54,380,0
421.86,19,4,gas,4.96,61,M,63,97.69,621,1
718.71,12,4,travel,65.59,54,M,412,663.04,734,0
1046.83,16,1,travel,13.44,71,M,130,239.54,342,1
209.34,16,4,online,41.75,34,F,8,160.03,612,0
860.9,16,4,gas,4.73,31,M,458,22.64,592,0
58.62,0,6,gas,17.24,45,M,202,375.66,368,0
936.87,7,4,travel,3.48,44,M,408,364.06,355,1
68.19,18,2,restaurant,36.83,71,F,469,285.61,503,0
253.16,5,4,gas,65.75,27,F,297,214.17,719,0
798.0,2,5,online,7.4,20,F,173,170.63,849,0
81.21,4,4,gas,40.2,53,M,72,269.88,542,1
130.2,12,4,online,69.99,55,F,83,79.74,500,0
640.52,14,0,gas,24.91,73,M,58,850.39,773,0
636.55,13,2,online,33.04,42,F,20,266.6,826,0
512.42,22,1,gas,18.76,39,M,457,111.84,376,0
592.0,15,0,gas,12.07,65,F,405,179.18,777,0
391.23,17,3,electronics,4.35,56,M,156,491.48,739,0
145.04,21,2,online,51.01,64,M,318,52.88,562,0
212.09,21,5,online,159.1,47,F,328,103.95,484,0
100.2,10,2,online,76.82,38,M,60,341.37,354,1
1195.44,2,3,grocery,25.63,47,F,63,113.72,607,0
437.8,21,3,gas,40.4,45,F,324,471.79,815,0
256.12,9,3,online,37.75,48,M,167,41.94,598,0
309.95,9,6,travel,83.75,74,M,202,431.51,529,0
1471.41,20,1,grocery,29.89,69,F,128,21.24,676,0
83.23,15,4,electronics,21.46,43,F,244,3.8,585,0
441.22,11,2,online,60.24,60,F,105,685.49,437,0
352.5,1,6,online,2.56,39,M,320,261.21,777,0
472.67,8,4,grocery,77.91,38,F,121,130.08,306,1
9.14,23,4,gas,11.42,18,M,317,79.42,718,0
1028.35,2,5,travel,5.37,54,M,181,287.83,771,0
1344.99,23,3,electronics,14.5,30,F,102,213.39,719,0
416.36,14,1,online,22.09,38,F,315,1433.78,575,1
596.44,2,5,gas,8.19,63,M,301,1226.2,389,1
1278.73,18,0,travel,3.62,26,M,260,302.38,581,1
614.2,17,6,travel,101.21,34,M,112,175.49,847,0
82.76,7,6,electronics,44.74,64,M,405,202.68,470,0
429.35,16,1,restaurant,52.13,38,F,473,344.16,654,0
466.61,7,4,travel,60.21,48,M,436,32.13,503,0
275.94,6,6,restaurant,71.94,56,F,69,119.41,588,1
666.75,6,1,travel,20.74,76,F,159,23.48,761,0
1361.84,2,6,electronics,73.6,71,F,239,22.86,472,1
1298.94,0,6,grocery,15.9,39,M,10,65.39,600,1
299.68,3,3,electronics,14.43,29,M,137,199.22,828,0
60.09,4,0,electronics,92.09,72,F,494,460.82,439,0
2094.59,0,3,grocery,1.92,23,F,166,199.37,577,1
912.86,14,0,grocery,5.24,70,F,246,122.61,810,0
66.57,4,6,gas,12.15,33,F,353,25.78,645,0
1268.15,12,5,travel,112.67,43,M,30,239.75,439,1
1019.71,7,4,gas,42.31,22,F,11,94.94,413,1
365.78,7,6,grocery,20.95,26,M,242,286.3,806,0
447.36,4,0,restaurant,6.22,63,M,107,1134.14,665,0
254.58,8,0,restaurant,46.94,57,M,335,35.4,696,0
28.16,0,0,electronics,52.98,31,M,421,71.52,410,1
204.13,3,6,online,33.66,61,F,322,192.22,657,0
811.9,2,1,electronics,54.33,59,M,193,1038.42,537,1
2.32,1,5,electronics,12.44,47,F,307,443.27,302,1
202.86,7,1,online,21.24,69,M,132,685.51,703,0
253.89,22,4,travel,24.21,69,F,394,121.81,324,0
385.44,8,6,grocery,0.0,43,F,280,1449.94,808,0
1261.96,1,0,restaurant,31.51,70,F,290,32.55,764,0
212.59,13,5,electronics,33.91,62,F,162,16.33,360,0
213.05,13,5,online,38.85,46,F,277,580.56,807,0
668.75,3,2,gas,2.24,36,M,420,786.28,422,0
300.94,5,4,electronics,44.98,64,F,469,28.49,796,0
127.19,10,5,restaurant,128.85,25,M,438,36.12,354,1
301.14,2,6,grocery,36.23,40,F,202,10.12,462,1
75.91,7,0,electronics,74.61,70,M,95,33.11,338,1
97.03,2,0,electronics,53.82,59,M,482,70.5,382,0
344.94,13,5,travel,42.83,52,M,222,1052.73,845,0
271.44,12,1,online,7.47,48,F,236,330.66,412,1
1231.65,12,4,gas,11.45,70,M,116,452.27,724,0
225.02,1,0,gas,29.84,52,F,455,449.02,529,0
434.45,12,5,grocery,23.11,49,F,191,229.76,582,0
500.2,18,0,restaurant,20.62,75,M,275,479.09,586,0
6.59,5,5,grocery,22.89,22,M,105,271.76,454,0
544.63,15,4,electronics,58.7,33,F,481,113.3,464,1
98.03,1,5,electronics,35.28,34,F,3,247.05,481,0
1623.0,7,2,gas,42.69,49,F,17,228.75,538,1
80.47,16,5,restaurant,20.2,55,F,306,520.25,638,0
267.75,22,5,online,49.62,75,F,451,1200.7,811,0
44.61,1,6,restaurant,30.4,49,F,19,158.82,565,0
2884.04,9,4,electronics,16.16,69,M,121,432.4,486,1
348.77,15,6,online,65.44,37,F,136,31.53,339,1
452.41,5,5,restaurant,0.4,65,F,79,449.95,792,0
34.72,1,4,restaurant,46.71,73,M,153,139.29,690,0
693.07,1,2,online,5.81,19,M,357,12.06,559,0
117.8,12,4,electronics,49.34,37,M,24,135.41,475,1
1141.66,23,0,restaurant,13.72,64,F,451,282.98,628,1
114.79,14,6,online,63.91,35,M,168,38.09,499,0
105.79,1,4,travel,18.52,18,M,58,773.24,495,1
18.62,6,2,travel,11.71,75,F,300,24.26,830,0
319.39,2,3,electronics,32.3,46,F,40,797.81,361,1
416.02,7,5,online,54.19,46,F,37,368.42,626,0
33.98,22,4,travel,17.34,36,F,116,120.01,580,0
747.0,13,5,online,28.99,61,M,274,148.66,526,0
301.92,23,1,restaurant,0.19,57,F,269,405.06,357,0
371.58,22,0,electronics,133.56,23,M,126,275.99,776,0
290.59,21,6,travel,58.9,61,F,404,334.1,675,0
256.05,6,0,restaurant,11.46,56,M,398,147.88,542,0
410.08,20,1,grocery,100.31,67,F,2,200.72,666,0
84.35,6,1,grocery,52.83,71,F,292,1377.6,799,0
100.4,0,6,electronics,1.08,63,F,372,72.21,551,0
989.47,16,4,travel,45.71,25,M,497,162.31,621,0
1460.46,8,1,travel,59.67,41,M,429,103.52,675,0
233.65,20,3,travel,40.93,37,M,15,434.59,708,0
157.87,12,5,online,37.98,71,F,397,433.19,787,0
516.41,20,5,restaurant,110.22,31,M,264,103.78,642,0
262.74,18,2,travel,6.27,22,F,238,25.47,539,0
12.86,20,1,restaurant,14.88,58,F,262,3.45,438,0
84.89,18,1,electronics,27.7,57,F,397,167.3,421,0
629.34,21,3,travel,0.76,51,M,133,158.46,719,0
537.82,16,0,electronics,36.31,77,F,212,1336.76,603,0
13.73,22,0,travel,30.76,33,M,14,190.35,414,0
125.5,22,5,grocery,58.33,62,F,435,88.88,642,0
131.38,9,5,gas,54.02,24,F,327,665.55,550,0
557.21,9,4,electronics,13.1,33,F,417,202.63,306,0
9.95,3,6,travel,119.96,24,M,359,274.27,478,1
54.97,7,3,gas,77.0,44,M,128,30.17,444,0
804.51,21,6,electronics,14.92,31,F,351,144.83,715,0
98.34,19,6,online,4.11,31,M,121,865.92,420,0
528.85,19,2,travel,86.9,61,M,240,267.12,423,1
136.02,17,6,online,70.38,50,F,114,126.71,449,1
52.37,13,2,grocery,50.52,50,F,196,294.78,696,0
139.31,17,6,travel,74.29,61,M,221,723.76,680,0
640.55,13,3,grocery,12.28,37,F,213,96.06,300,0
967.92,19,2,gas,23.05,70,F,403,211.03,543,0
886.63,20,0,electronics,78.96,64,M,79,956.0,697,0
253.07,23,2,restaurant,6.55,53,M,262,56.77,550,1
551.44,14,2,grocery,19.39,24,F,134,381.53,598,0
114.7,21,3,restaurant,99.37,49,M,305,285.95,596,0
173.47,3,3,restaurant,67.86,65,M,241,341.53,799,0
1133.3,12,2,electronics,9.14,20,F,385,129.8,414,0
6.54,22,1,gas,39.47,56,F,302,113.01,300,1
44.69,7,3,electronics,61.31,46,F,269,345.8,781,0
116.53,17,4,travel,24.3,41,F,286,72.83,809,0
13.45,11,4,grocery,9.36,39,M,49,163.24,634,0
100.1,22,0,restaurant,6.61,23,M,188,62.54,764,0
437.38,13,6,electronics,39.27,65,F,296,2.5,440,0
273.59,1,2,electronics,40.65,41,F,13,1052.54,436,1
1115.93,17,1,electronics,5.35,57,F,388,169.53,466,0
850.35,23,0,grocery,110.96,40,F,458,1045.53,642,0
209.14,1,2,gas,44.53,71,M,231,45.36,709,0
150.16,10,3,electronics,50.98,55,M,260,265.56,364,0
238.77,8,4,grocery,86.54,27,F,191,67.31,366,1
446.16,11,5,restaurant,79.21,33,F,412,468.3,732,0
156.03,16,1,travel,71.81,28,M,202,459.33,349,0
489.28,14,5,online,22.05,49,M,260,35.84,613,0
263.32,16,4,grocery,49.9,62,M,112,729.35,608,0
401.53,17,6,online,46.44,78,M,373,64.94,414,0
286.46,21,6,electronics,14.16,23,F,351,284.78,641,0
174.4,5,5,electronics,48.69,41,M,35,1272.86,829,0
1482.63,16,3,grocery,68.36,50,M,78,642.13,794,0
721.13,22,2,online,90.36,70,M,274,940.94,568,0
75.48,23,3,electronics,40.43,68,F,447,125.84,379,0
1014.25,17,5,restaurant,50.56,29,F,277,33.47,755,1
334.16,7,3,gas,13.16,73,M,161,62.6,598,0
1124.77,8,4,gas,11.31,44,M,311,208.24,501,1
804.36,5,1,electronics,27.25,55,F,16,472.84,802,0
276.88,4,3,online,80.4,79,F,203,48.81,784,1
11.36,11,4,travel,92.28,35,M,472,323.41,317,0
156.45,10,1,electronics,99.06,62,F,439,117.28,777,0
390.04,0,6,travel,0.33,56,M,16,125.2,787,1
501.85,10,2,travel,45.59,72,F,201,325.34,745,0
149.13,18,5,online,50.94,30,M,475,188.77,639,0
75.04,8,6,travel,56.77,70,M,209,501.45,830,0
900.69,1,2,restaurant,23.1,57,F,498,50.85,415,0
2080.31,11,6,online,34.78,47,M,401,468.12,373,1
372.95,3,0,electronics,34.45,70,F,428,19.92,568,0
94.18,3,6,restaurant,11.51,66,F,479,64.72,415,0
158.94,17,4,grocery,67.9,58,F,77,320.26,463,0
9.28,14,1,gas,40.96,69,M,55,579.15,521,0
1228.44,18,6,electronics,14.79,30,M,79,87.38,425,1
62.64,12,3,electronics,19.34,51,M,305,118.89,475,0
429.62,18,2,electronics,19.22,53,F,57,231.09,674,0
160.14,16,6,restaurant,109.96,47,M,17,71.31,797,0
403.92,5,1,grocery,62.94,78,M,207,500.05,384,1
526.94,15,4,online,7.4,42,M,464,445.68,682,0
885.22,23,0,grocery,53.6,19,M,134,47.1,762,0
115.6,11,2,restaurant,1.01,53,F,331,186.99,750,0
5.53,18,5,electronics,25.54,35,M,481,447.27,817,0
73.6,4,1,gas,42.08,22,F,9,123.44,849,0
1151.39,16,5,electronics,0.88,36,F,68,300.81,415,1
1035.3,22,1,online,14.26,59,F,340,15.46,307,1
454.92,0,1,travel,81.2,35,F,386,281.48,517,1
458.79,23,4,gas,50.71,79,M,82,49.69,703,1
546.87,22,4,electronics,92.73,74,M,108,532.62,603,0
96.41,9,4,gas,13.41,49,M,43,131.76,766,0
1229.1,14,6,travel,19.06,38,F,482,99.2,387,1
271.3,22,3,grocery,11.06,27,M,453,551.45,309,1
241.56,20,1,restaurant,63.12,54,F,397,15.43,607,0
365.86,20,2,electronics,20.96,66,M,131,151.56,733,0
24.05,10,5,online,49.48,39,M,492,138.61,463,0
90.93,12,4,grocery,0.84,30,M,498,100.56,538,0
669.77,4,6,electronics,47.09,72,F,17,728.29,616,1
43.21,0,4,grocery,9.02,34,M,92,417.0,634,0
462.1,23,5,online,12.23,26,F,482,19.82,317,0
140.75,11,5,electronics,36.56,41,F,435,376.25,370,0
246.57,10,1,travel,100.91,61,F,293,224.79,474,0
170.33,16,4,travel,43.07,31,M,463,693.39,638,0
219.77,3,5,online,85.05,63,M,147,112.6,547,1
634.78,14,3,gas,8.88,25,F,471,256.11,492,0
176.29,8,3,online,19.58,72,F,482,208.4,718,0
417.82,20,4,gas,18.57,54,F,171,201.75,624,0
323.18,19,6,electronics,25.93,36,F,50,182.7,605,0
544.83,18,5,gas,42.03,45,F,18,69.06,503,0
1380.96,18,1,electronics,25.95,63,M,119,422.82,422,1
659.45,11,1,electronics,52.37,58,M,323,180.08,746,0
121.0,4,6,restaurant,61.39,47,M,224,954.74,790,0
15.84,9,1,electronics,46.79,24,F,65,90.66,732,0
152.08,16,0,gas,126.78,76,F,140,344.41,427,1
452.03,4,4,restaurant,5.51,75,M,445,847.63,847,0
26.4,21,1,restaurant,56.48,43,M,188,326.71,346,0
342.95,15,3,electronics,104.91,57,F,492,615.02,804,0
454.21,6,5,online,95.72,63,F,157,527.17,414,1
203.42,8,2,online,76.31,71,F,97,133.94,715,0
736.82,2,6,travel,52.45,77,M,157,274.98,522,1
56.36,14,2,restaurant,102.02,63,F,434,50.97,802,0
39.06,15,1,electronics,39.08,28,F,245,230.05,395,0
651.32,17,2,online,92.56,31,F,343,78.57,406,1
342.09,13,2,electronics,16.97,38,M,431,408.47,331,1
583.02,2,0,electronics,72.74,25,F,235,225.27,792,0
285.31,11,3,restaurant,18.2,20,M,32,158.91,365,1
141.45,8,6,travel,58.54,45,F,360,93.92,478,0
854.91,6,3,restaurant,22.44,78,F,240,1993.27,742,0
803.26,8,0,grocery,71.97,46,M,329,22.32,848,0
593.22,12,0,online,136.03,40,F,337,13.36,500,1
158.83,17,2,online,30.5,35,M,274,73.49,348,1
446.08,4,4,online,6.81,52,F,70,1062.89,562,0
223.9,12,5,gas,39.91,30,M,312,1162.39,432,0
48.03,3,5,electronics,7.39,29,F,402,319.2,643,0
1246.35,1,2,restaurant,120.9,64,M,215,636.35,475,1
73.57,15,5,online,31.53,67,M,78,72.22,690,0
1500.25,8,0,grocery,2.35,22,F,168,1073.12,310,1
295.3,8,3,online,36.87,56,M,297,46.22,500,0
102.37,5,5,travel,1.43,28,F,470,31.98,302,0
390.33,10,6,electronics,24.65,75,M,179,35.71,513,0
1031.57,21,2,electronics,40.87,76,F,115,255.38,606,1
658.8,23,4,restaurant,19.57,28,F,259,455.57,843,0
821.4,21,2,gas,3.89,76,F,485,137.03,626,0
537.62,0,1,restaurant,36.14,64,F,259,1143.6,498,1
589.28,3,2,online,118.79,59,M,4,170.97,408,1
945.89,12,0,travel,34.19,64,F,296,48.91,590,0
143.62,22,3,grocery,20.35,48,F,107,188.19,407,1
336.11,12,3,restaurant,20.14,48,F,342,340.93,707,0
125.01,12,6,gas,34.85,30,F,359,535.54,351,1
2197.78,1,5,restaurant,43.72,31,F,116,184.17,411,1
1441.73,8,0,electronics,62.02,66,M,356,270.13,594,0
20.11,23,1,online,121.81,62,F,444,93.32,488,0
611.37,7,0,online,21.98,59,M,330,311.47,364,1
1296.79,6,2,online,80.85,42,M,438,1280.01,764,0
99.58,3,0,online,0.91,50,F,330,15.09,557,0
419.6,17,0,online,95.29,50,F,12,652.87,630,0
1235.43,2,6,online,129.42,79,M,141,247.85,800,0
17.27,5,1,grocery,8.31,32,M,187,87.15,509,0
597.71,11,2,gas,56.01,33,M,455,929.59,388,0
176.45,11,4,online,67.4,61,F,280,198.12,327,1
1291.12,20,6,gas,31.22,75,M,465,120.9,537,0
1771.23,7,4,travel,45.09,73,M,114,60.08,635,1
1443.59,21,6,online,3.01,55,F,427,84.09,362,0
321.43,21,3,restaurant,24.22,23,M,235,536.66,799,0
990.41,0,6,online,78.02,61,F,337,285.89,840,0
930.71,3,5,electronics,35.99,42,M,9,733.4,768,0
192.17,20,0,grocery,52.18,32,F,198,79.18,350,0
882.8,10,3,restaurant,54.34,21,M,251,38.74,411,0
18.85,2,1,restaurant,44.31,73,F,49,1.83,600,0
453.5,12,4,electronics,3.74,21,F,427,212.7,389,0
130.69,16,6,online,100.99,47,M,141,1914.36,528,0
64.24,21,0,grocery,10.91,51,F,270,356.2,449,0
40.04,21,1,restaurant,11.55,44,M,15,110.62,437,0
595.84,9,5,grocery,58.43,48,F,1,628.33,434,1
207.66,20,1,restaurant,23.84,73,F,157,456.6,756,1
645.07,11,0,online,49.22,49,F,29,4.66,793,0
33.79,14,5,travel,29.19,61,F,81,509.25,826,0
189.38,20,1,restaurant,0.72,56,F,30,107.23,632,0
387.71,9,5,travel,62.85,69,F,235,48.64,661,0
782.05,13,6,restaurant,27.56,26,F,495,76.98,473,0
191.91,12,6,gas,24.73,58,M,332,189.66,512,0
491.6,4,0,online,32.41,25,M,147,165.95,642,1
1085.68,5,0,electronics,8.5,31,F,176,102.28,360,1
478.38,23,5,travel,68.51,50,F,369,56.7,360,1
132.61,1,2,electronics,18.83,40,F,34,430.94,823,0
12.35,21,3,online,18.37,38,M,22,1384.86,515,0
1020.49,16,1,electronics,26.82,72,F,105,451.24,722,1
10.75,3,1,online,39.19,29,M,96,105.27,722,0
1038.53,13,2,electronics,15.76,74,F,229,84.24,670,0
376.38,9,2,travel,28.69,19,F,226,73.64,505,0
1399.0,2,2,gas,119.69,30,F,370,44.1,585,1
801.69,2,4,electronics,2.77,79,F,99,240.44,404,1
3091.1,14,4,travel,17.49,76,F,444,278.97,842,0
215.94,5,5,restaurant,42.5,21,M,467,366.75,541,0
728.76,16,4,online,50.61,37,F,54,342.03,790,0
257.02,11,6,grocery,39.9,67,M,194,103.73,797,0
326.84,21,6,grocery,94.42,68,M,7,120.28,734,0
493.77,19,0,online,75.58,65,F,423,343.25,783,0
1034.46,23,5,gas,37.57,76,F,314,128.98,746,1
2070.2,10,1,electronics,3.5,31,F,127,71.71,683,1
731.1,3,3,gas,30.23,47,M,31,140.68,809,0
270.44,5,0,grocery,14.45,46,M,92,95.27,469,0
273.53,0,1,travel,67.67,25,M,6,27.74,622,1
668.91,19,1,online,61.31,29,F,257,531.83,773,0
136.41,22,5,online,5.18,58,M,340,575.42,531,0
58.53,15,2,gas,53.1,55,M,389,74.44,658,0
218.96,14,2,travel,86.67,43,M,219,20.09,574,0
169.3,16,0,gas,49.09,67,F,239,402.77,331,1
175.71,7,2,electronics,4.03,19,M,105,71.3,476,1
133.03,11,1,restaurant,47.14,72,M,35,149.98,364,1
21.5,21,2,travel,23.74,57,F,415,19.89,326,0
9.02,20,4,restaurant,85.93,73,F,44,76.96,778,0
2199.99,9,2,electronics,76.49,31,F,297,472.37,567,1
279.11,14,1,restaurant,0.14,23,M,308,489.5,365,0
242.52,8,5,grocery,99.95,59,M,365,69.61,432,1
569.17,1,0,restaurant,48.16,57,M,8,122.8,665,0
123.11,4,3,electronics,108.63,79,F,458,43.24,381,1
1497.48,5,2,restaurant,41.09,48,M,86,23.12,627,1
771.7,6,6,online,73.61,34,F,369,1455.0,397,0
46.83,20,6,gas,70.61,42,F,330,319.78,626,0
270.28,0,1,grocery,64.09,78,M,176,234.33,841,1
1056.47,22,3,online,5.22,49,M,129,435.09,424,0
1447.78,6,3,online,14.67,29,M,194,549.92,509,1
314.99,19,4,electronics,60.98,66,F,10,493.08,432,1
475.2,11,3,gas,6.27,30,F,305,5.0,802,0
91.38,15,6,gas,63.66,36,M,418,62.04,456,0
2364.72,15,5,travel,0.45,61,F,121,319.18,681,0
131.77,10,1,grocery,32.11,65,M,398,141.37,321,1
1430.0,20,1,electronics,32.47,42,M,234,1213.37,718,0
524.41,3,2,grocery,19.39,48,M,330,328.45,771,0
467.91,12,2,travel,15.26,76,F,30,940.84,533,0
359.43,6,2,restaurant,52.94,54,F,347,67.49,753,0
131.12,3,6,online,59.35,42,M,445,598.44,461,1
97.11,14,6,grocery,20.43,33,M,411,116.3,600,0
124.54,18,6,online,89.27,74,F,223,1368.77,605,0
103.17,8,6,electronics,2.37,55,M,152,51.48,301,0
756.12,10,6,restaurant,16.37,60,F,211,217.91,570,0
215.49,7,6,electronics,56.28,66,M,91,472.29,720,0
29.79,0,5,restaurant,28.17,75,F,408,170.03,442,0
1738.54,22,6,restaurant,57.27,40,M,330,189.38,834,0
1076.16,23,3,online,21.92,31,F,466,1288.33,336,1
1313.83,7,3,electronics,99.41,23,M,347,166.18,406,1
2640.02,12,4,electronics,79.0,42,F,128,277.96,596,1
95.52,21,5,grocery,123.5,40,F,442,16.83,396,0
252.29,3,2,electronics,84.2,79,F,196,553.95,580,1
709.9,7,0,grocery,156.94,77,F,457,313.38,409,1
595.4,2,6,gas,42.55,60,M,41,155.26,848,0
83.56,8,4,gas,3.34,29,F,365,4.89,487,0
845.96,1,0,gas,34.21,30,F,417,268.7,787,0
127.09,1,3,travel,26.14,53,M,227,3.82,653,0
126.68,12,4,electronics,12.55,56,F,193,0.36,318,0
384.99,14,4,travel,45.43,51,M,17,287.21,692,0
449.4,22,1,electronics,22.83,23,F,332,62.85,560,0
433.85,11,3,grocery,36.04,55,F,242,63.92,709,0
47.97,3,3,travel,8.83,67,F,388,317.76,702,0
1049.66,7,5,travel,16.9,79,F,275,16.56,783,0
154.35,8,4,travel,65.82,69,F,449,112.8,603,0
69.35,22,6,restaurant,48.58,57,F,126,48.56,317,0
1097.98,4,3,grocery,9.45,25,M,74,260.38,483,1
1557.84,23,4,gas,91.19,78,M,61,325.2,704,1
990.71,19,5,grocery,6.78,25,F,477,383.11,430,0
829.09,17,6,restaurant,17.87,57,F,479,88.4,778,0
532.46,10,5,electronics,39.06,50,M,287,28.05,307,1
400.21,14,1,grocery,21.53,51,M,185,24.59,617,0
45.5,21,6,travel,78.96,61,F,177,166.62,690,0
262.51,8,4,gas,120.13,32,F,165,874.77,818,0
233.16,16,3,gas,34.27,53,F,182,73.67,435,0
150.39,11,3,electronics,27.0,77,F,27,89.01,830,0
642.63,6,4,grocery,7.17,74,F,329,31.9,666,0
342.47,9,4,restaurant,1.17,52,F,469,279.09,788,0
42.26,9,4,electronics,51.46,63,M,246,341.71,310,0
124.35,12,2,grocery,4.26,39,F,336,308.95,745,0
574.84,18,6,online,11.89,40,F,21,592.27,413,0
39.59,10,3,gas,18.73,57,M,426,199.91,495,0
952.6,12,6,restaurant,9.54,62,M,466,43.32,622,0
341.74,20,5,travel,16.25,72,M,464,102.5,811,0
327.53,7,3,restaurant,80.97,68,M,471,325.79,464,0
448.74,7,2,travel,47.44,39,F,419,284.89,551,0
870.57,3,4,restaurant,137.59,22,M,95,227.15,343,1
213.71,14,1,gas,7.6,48,M,121,344.62,769,0
566.63,10,4,travel,38.69,30,F,249,304.33,788,0
417.05,10,4,grocery,62.58,45,M,493,639.41,480,0
155.32,0,2,travel,84.01,75,M,378,264.58,376,0
1054.46,16,6,electronics,6.78,37,F,307,452.34,673,0
798.33,14,3,grocery,70.17,50,F,419,85.79,366,0
537.13,19,4,electronics,33.36,33,F,411,340.13,824,0
950.5,5,3,restaurant,26.43,79,F,333,697.43,391,1
1009.81,23,0,grocery,2.72,46,F,441,146.2,543,0
616.12,21,5,restaurant,13.32,40,F,419,453.02,640,0
907.04,14,6,online,27.18,41,F,325,387.07,603,0
597.79,8,3,restaurant,38.09,51,M,136,18.41,697,0
569.94,13,1,restaurant,35.99,24,M,276,261.33,747,0
481.97,17,5,electronics,9.12,55,F,319,41.84,396,0
698.61,16,1,travel,39.21,54,M,331,1026.29,630,0
86.35,17,4,online,5.75,78,F,60,500.45,504,1
1063.77,4,5,restaurant,52.1,21,M,249,34.87,748,0
1027.25,19,3,restaurant,11.37,51,F,477,38.95,717,0
14.84,19,5,online,23.65,59,M,94,270.77,376,0
873.82,8,4,online,61.19,39,F,295,126.89,848,0
68.98,10,2,grocery,1.5,22,M,183,10.66,724,0
204.07,23,6,electronics,48.37,67,F,259,234.03,728,0
680.33,21,1,online,31.69,59,M,286,147.23,784,0
87.63,0,4,online,3.99,40,M,154,31.97,434,0
851.78,17,2,gas,100.25,71,F,185,485.73,553,1
892.3,5,5,travel,48.4,77,M,408,739.8,554,0
354.1,1,5,online,35.32,32,M,68,423.91,798,0
3.2,14,4,electronics,25.09,48,M,325,518.5,783,0
169.16,20,3,travel,36.67,76,M,260,73.19,345,0
479.76,13,5,travel,17.2,26,M,114,91.78,742,0
1986.58,4,3,restaurant,0.87,60,F,346,70.16,303,1
499.58,5,3,restaurant,1.04,75,F,7,434.53,300,1
150.42,5,6,restaurant,55.8,70,M,264,886.48,589,0
502.57,21,3,restaurant,30.64,42,F,270,378.52,408,0
388.25,17,0,gas,3.3,42,M,483,639.77,759,0
756.71,13,6,online,84.66,78,F,248,305.41,565,0
56.57,9,2,restaurant,117.5,66,M,104,147.14,437,0
715.7,13,2,grocery,42.29,38,M,262,166.41,733,0
389.64,12,5,restaurant,46.13,26,M,223,23.49,343,1
1648.31,2,5,online,174.49,72,M,327,9.59,809,1
209.18,5,3,restaurant,34.01,65,F,494,356.7,561,0
500.68,7,6,gas,25.77,55,F,370,173.11,451,0
1344.33,11,6,electronics,17.21,39,F,270,241.03,512,0
54.08,12,0,electronics,44.51,60,M,164,244.7,533,0
1384.13,10,3,online,57.74,40,F,82,97.46,660,1
582.19,11,0,electronics,42.24,66,F,294,193.82,619,1
35.12,0,3,electronics,18.68,21,M,133,190.89,521,1
179.03,16,1,grocery,93.47,46,M,210,147.52,509,0
615.8,15,1,online,9.53,32,M,312,515.57,695,0
34.86,10,4,online,25.13,18,F,91,179.99,788,0
436.34,12,3,electronics,36.96,71,F,336,277.63,763,0
212.23,17,6,electronics,62.82,47,M,489,677.63,751,0
485.0,10,5,electronics,5.62,46,F,402,603.5,712,0
23.41,11,2,travel,68.33,37,M,126,663.34,775,0
1026.06,5,4,gas,13.82,50,F,190,94.42,555,0
1815.1,8,5,restaurant,75.25,58,M,158,10.68,449,1
1734.92,15,1,gas,32.88,61,F,330,90.76,426,1
692.45,3,3,online,9.33,53,F,334,98.01,691,0
69.68,2,4,grocery,10.71,77,F,9,720.26,779,0
709.95,15,3,restaurant,16.49,39,M,106,314.3,696,0
12.45,23,1,grocery,118.72,30,M,86,25.57,701,0
11.19,11,4,travel,57.9,24,M,66,43.64,573,0
195.49,10,1,online,161.67,25,F,61,50.77,438,1
335.34,4,0,travel,0.47,45,M,386,298.62,402,1
735.72,17,1,online,29.17,62,F,145,398.88,541,1
574.89,18,6,grocery,8.74,60,M,152,589.07,416,0
295.21,22,6,grocery,10.83,26,M,106,847.22,513,0
159.85,22,3,grocery,19.24,42,F,147,67.58,783,0
2925.76,5,2,online,50.06,73,F,185,111.22,828,1
277.72,21,1,electronics,50.54,33,M,348,82.46,523,0
300.18,17,5,grocery,38.21,27,M,341,133.31,569,0
89.34,5,6,travel,89.22,28,F,177,738.35,433,0
791.91,3,2,restaurant,33.68,48,F,376,256.78,413,0
591.57,11,0,online,62.46,29,M,334,402.04,740,0
124.72,18,4,travel,43.73,77,F,486,202.07,664,0
42.99,1,4,gas,53.94,48,M,265,8.78,531,1
570.5,16,6,gas,22.57,31,M,148,19.9,757,0
531.4,10,2,restaurant,99.92,68,M,246,231.61,674,0
159.59,10,6,electronics,22.76,61,F,253,380.6,506,0
1506.58,20,4,grocery,160.8,49,M,499,72.75,819,0
81.88,15,1,online,99.54,67,M,28,383.94,767,0
283.11,1,2,travel,3.52,70,F,351,499.27,742,0
1437.78,1,3,grocery,64.93,34,F,265,159.26,620,1
272.13,22,1,travel,112.55,52,F,12,411.62,392,1
508.78,7,1,online,6.91,18,M,46,155.27,707,0
253.41,12,1,gas,11.42,46,F,150,340.29,457,0
160.25,9,3,grocery,42.16,68,F,49,433.17,398,0
2066.89,7,0,restaurant,19.76,78,M,214,1445.75,524,1
263.25,3,5,electronics,9.69,21,M,478,127.12,740,0
1122.63,14,6,restaurant,42.83,40,M,131,158.82,700,0
130.65,0,4,electronics,28.43,45,M,371,54.32,363,0
119.83,10,6,travel,38.94,33,F,112,68.47,578,0
15.81,6,2,grocery,54.77,29,M,251,354.66,818,0
527.3,16,0,grocery,115.64,70,F,450,746.84,547,0
229.85,19,2,electronics,88.69,38,M,340,150.56,667,0
998.87,23,6,gas,16.61,62,M,52,59.48,397,1
320.48,17,4,online,79.59,34,F,129,100.68,567,0
1724.04,21,3,restaurant,13.77,57,F,323,182.12,359,1
102.61,21,6,travel,96.91,30,F,192,103.02,799,0
1014.84,11,1,restaurant,44.55,69,M,78,79.81,607,0
749.39,8,6,restaurant,36.43,75,M,56,399.52,792,0
736.85,4,1,travel,34.61,49,F,96,2.36,710,0
931.47,9,3,travel,53.63,54,F,197,232.46,439,1
715.7,3,6,grocery,19.05,67,M,134,473.62,627,0
492.04,4,0,restaurant,32.99,32,F,146,92.87,763,1
70.35,9,0,online,27.29,29,F,171,277.37,462,0
16.53,10,2,online,33.0,78,M,62,331.6,359,1
1268.19,20,3,electronics,22.66,66,F,64,319.28,330,1
479.4,23,0,travel,21.04,74,M,294,177.1,632,0
796.14,9,6,grocery,97.91,32,M,210,127.66,375,0
328.43,7,3,online,65.28,51,M,108,542.23,616,0
62.39,1,4,gas,12.92,23,F,281,426.2,716,0
66.87,22,1,grocery,22.15,34,F,171,116.25,489,0
578.49,7,6,grocery,111.71,65,F,11,32.62,788,0
281.33,15,1,online,49.92,66,F,405,22.35,614,0
111.9,21,1,gas,12.47,74,M,332,29.71,595,1
338.24,4,3,electronics,6.01,37,M,219,262.31,800,0
33.18,2,3,online,113.06,26,F,397,15.91,476,0
436.1,11,2,gas,27.31,76,F,341,123.26,514,0
156.67,12,1,grocery,68.22,22,F,285,419.75,631,0
798.65,12,2,gas,34.55,40,F,171,104.59,427,0
185.79,9,1,grocery,35.68,50,M,467,432.3,568,0
303.69,3,2,online,53.3,55,F,235,410.5,834,0
5.84,8,2,travel,53.63,73,M,474,84.64,665,0
37.6,21,4,online,108.54,31,F,165,391.49,647,0
249.2,23,2,restaurant,65.91,34,F,186,413.23,441,1
326.9,22,3,restaurant,40.14,74,F,169,151.98,444,1
458.17,1,2,restaurant,53.11,36,M,51,70.88,544,0
172.42,18,1,online,35.28,50,F,318,220.99,741,0
593.69,0,2,electronics,52.83,18,M,188,763.01,589,1
983.49,6,0,online,113.29,30,M,119,306.18,411,0
756.73,16,5,travel,61.0,63,F,104,56.96,513,0
20.21,2,1,gas,2.44,44,M,161,344.43,499,0
327.45,19,0,online,17.03,23,M,294,167.17,704,0
55.43,19,1,online,85.46,76,M,40,268.6,720,0
138.57,20,3,grocery,73.44,23,F,376,397.35,306,0
2158.59,2,5,grocery,40.77,50,M,363,217.05,824,0
76.86,2,5,grocery,24.52,47,M,164,504.58,585,0
345.46,16,3,online,51.38,63,F,320,384.21,688,0
481.37,6,5,electronics,25.34,52,F,373,286.41,715,0
606.11,13,3,gas,98.62,40,M,334,49.04,449,0
410.09,16,0,gas,25.05,27,M,159,542.27,727,0
4.91,17,4,travel,103.1,68,M,263,824.22,592,0
197.6,12,1,electronics,19.44,36,M,352,44.19,633,0
364.61,19,3,electronics,6.93,68,F,17,200.97,571,0
45.98,19,1,gas,74.12,45,F,172,89.88,342,1
215.87,20,0,restaurant,42.92,40,M,476,421.37,767,0
16.88,17,4,grocery,41.93,21,F,351,383.64,618,0
40.92,3,0,grocery,68.03,37,M,32,45.56,791,0
252.86,0,5,gas,48.76,36,F,260,628.74,826,0
71.19,17,1,electronics,11.05,59,F,209,59.89,471,1
419.13,0,6,travel,12.07,44,M,495,478.75,620,0
584.73,12,4,restaurant,30.88,74,M,382,183.18,343,0
806.19,19,5,gas,17.49,51,M,329,119.37,831,0
111.67,19,4,grocery,26.35,21,M,381,51.68,753,0
91.65,22,5,online,36.74,73,F,163,55.04,382,0
55.22,9,0,electronics,24.8,55,F,480,325.32,842,0
505.89,10,3,online,48.0,79,M,406,239.84,621,0
612.9,8,1,travel,81.39,24,F,423,39.06,533,0
16.05,8,2,gas,44.4,65,F,4,35.87,839,0
1376.1,4,2,grocery,108.38,78,M,33,22.52,551,1
26.69,0,0,restaurant,59.2,24,M,279,408.5,748,0
389.68,16,1,online,43.41,67,F,144,373.32,538,0
617.32,21,1,restaurant,24.82,69,M,350,18.06,789,0
1023.85,1,0,travel,30.78,43,M,70,246.48,763,0
626.03,23,1,grocery,62.58,43,F,464,26.54,613,0
809.06,12,3,online,2.36,71,F,347,702.23,474,0
207.34,8,0,travel,69.08,36,M,229,712.93,479,1
843.23,3,3,restaurant,33.75,26,F,124,359.43,684,1
41.75,4,1,restaurant,49.54,78,M,277,781.87,594,0
1126.03,10,0,online,4.12,37,M,270,500.52,514,0
396.59,23,1,grocery,12.86,59,F,356,529.02,374,1
849.95,18,0,restaurant,64.46,62,F,14,252.99,643,1
301.03,20,1,gas,55.66,67,M,241,109.61,441,1
515.82,2,3,travel,8.56,33,M,497,73.69,498,0
373.7,11,6,online,49.53,71,M,152,118.89,470,0
657.62,18,3,electronics,52.36,34,F,52,297.06,705,0
42.58,18,1,electronics,75.03,39,M,148,56.86,527,0
31.13,12,0,grocery,0.96,30,F,357,89.78,710,0
141.91,6,2,gas,79.52,29,M,449,189.37,361,0
86.91,14,3,restaurant,98.61,27,F,218,79.6,626,0
1027.02,22,3,electronics,71.12,18,M,112,266.49,432,1
123.73,6,5,grocery,6.67,49,F,287,769.87,488,0
1862.05,7,2,travel,104.89,47,M,276,413.6,655,1
205.41,4,1,gas,35.65,25,M,451,329.37,370,1
100.52,20,6,gas,124.58,38,M,427,262.2,562,0
779.61,13,0,grocery,18.23,39,M,82,200.8,605,0
537.51,3,5,grocery,79.49,35,F,449,61.95,523,0
344.77,22,1,restaurant,13.74,19,F,217,675.31,627,0
405.25,9,4,grocery,10.81,65,F,225,85.72,373,0
635.06,19,6,restaurant,34.9,61,F,269,28.73,810,0
129.68,14,3,restaurant,108.2,26,F,14,415.91,441,0
2804.32,17,4,online,15.11,20,M,403,57.94,401,1
1840.32,19,3,gas,19.24,71,F,289,139.51,364,1
525.38,12,3,travel,108.63,43,F,419,8.61,492,0
111.29,7,4,gas,25.05,38,F,338,44.23,361,0
570.07,8,6,gas,43.48,47,F,264,57.06,831,0
37.47,15,4,online,14.05,45,M,198,16.78,540,0
15.57,18,1,restaurant,24.69,53,M,157,320.71,709,0
148.99,15,5,restaurant,62.61,43,M,332,544.22,599,0
310.53,6,5,grocery,32.01,51,M,474,140.19,494,0
1013.51,13,4,online,74.43,25,F,446,622.82,753,0
649.45,13,1,grocery,30.47,27,F,491,71.99,600,0
678.77,3,5,online,0.07,65,M,418,118.09,755,0
277.12,14,1,grocery,44.31,72,M,396,49.02,501,0
212.27,2,1,electronics,45.29,60,F,206,290.72,601,1
231.84,4,3,gas,119.54,67,F,173,163.35,636,1
2197.03,0,5,gas,28.15,71,M,183,285.02,331,1
20.47,2,5,travel,33.13,31,M,264,430.24,397,0
1008.82,14,3,restaurant,14.22,57,M,492,236.7,490,0
432.18,23,4,travel,50.38,72,M,470,296.36,840,0
288.67,7,3,electronics,69.78,32,F,245,821.17,347,1
645.96,3,5,travel,60.75,34,F,35,106.6,549,1
333.42,1,5,gas,32.69,70,F,372,133.49,525,1
1033.45,23,6,restaurant,24.86,35,M,487,379.44,571,1
1154.81,23,4,electronics,8.33,49,F,258,283.49,784,0
273.85,9,3,gas,62.29,55,F,481,59.0,627,0
162.05,3,0,grocery,57.31,40,M,18,141.55,479,0
448.67,2,0,online,13.91,79,M,411,189.24,322,0
1217.28,1,4,electronics,12.11,63,M,22,163.1,669,1
118.28,16,3,restaurant,6.8,40,M,103,58.9,544,0
487.71,22,3,travel,164.59,52,M,240,774.81,459,1
499.24,20,1,travel,33.92,56,M,492,431.05,672,0
660.47,23,5,electronics,21.97,32,F,390,196.96,584,0
70.53,19,2,restaurant,86.11,70,F,360,341.89,820,0
629.08,22,6,electronics,87.87,41,F,203,682.73,749,0
1198.63,12,4,restaurant,109.58,45,F,252,43.92,435,1
99.03,4,2,travel,124.4,33,F,141,86.45,395,0
135.6,20,2,gas,55.39,33,F,301,234.73,418,0
1777.09,8,4,grocery,2.51,57,M,142,481.35,673,0
99.82,21,3,gas,9.87,56,M,450,11.08,573,0
963.39,5,4,grocery,5.4,23,M,270,1240.89,476,0
338.91,4,2,travel,0.19,19,F,306,182.04,576,0
142.0,9,5,gas,82.0,71,F,471,133.53,437,1
1023.0,7,6,gas,20.04,30,M,499,103.9,431,0
294.67,6,6,electronics,68.57,61,M,109,57.48,343,0
361.61,6,5,online,53.83,64,M,7,470.45,422,1
222.54,5,5,travel,34.93,76,M,68,933.1,435,1
449.41,20,3,restaurant,65.86,26,M,189,160.15,666,0
89.28,19,0,travel,41.83,51,F,178,913.61,672,0
248.04,2,4,restaurant,1.34,34,F,62,520.84,425,1
1743.58,18,6,restaurant,26.72,44,F,67,196.78,738,1
149.29,21,5,grocery,12.42,46,M,205,336.28,350,0
534.63,14,4,restaurant,55.15,54,F,399,171.27,436,0
196.66,3,6,restaurant,6.38,60,M,467,245.43,457,0
742.45,11,5,electronics,32.85,39,F,407,17.94,355,0
70.13,5,6,gas,25.88,68,M,5,357.48,727,0
1750.31,18,3,travel,106.72,41,M,118,16.28,742,0
302.38,3,0,travel,28.76,24,F,312,509.62,625,0
134.63,14,0,restaurant,130.42,51,F,30,522.8,379,1
38.17,8,5,online,9.72,65,F,5,81.18,773,0
93.02,4,6,travel,47.0,29,F,482,117.32,676,0
366.75,12,3,restaurant,9.15,40,F,206,196.93,632,0
205.49,22,1,grocery,182.01,32,M,156,272.39,474,1
882.7,17,4,grocery,64.76,50,F,66,101.63,740,1
281.84,4,4,grocery,50.15,74,F,458,269.3,425,0
142.98,15,2,restaurant,59.76,30,M,386,106.06,518,1
480.05,18,3,electronics,18.48,40,F,411,17.13,577,0
613.41,13,6,online,36.3,55,M,329,0.76,784,0
91.39,15,2,restaurant,20.13,49,F,369,31.99,440,0
91.73,14,5,electronics,110.45,62,F,352,471.43,409,1
18.68,21,6,electronics,14.57,67,M,431,976.59,351,0
666.67,3,2,travel,1.09,52,F,335,167.04,618,0
545.03,6,0,restaurant,38.24,18,F,378,215.65,498,0
321.83,15,4,restaurant,27.0,64,F,393,47.65,345,0
929.5,23,6,electronics,34.65,75,F,288,240.24,804,0
819.1,21,2,electronics,40.08,62,M,483,46.88,839,0
440.17,20,0,electronics,42.66,22,M,450,283.42,813,0
1013.51,21,3,travel,31.66,74,F,452,812.08,316,0
115.24,20,2,restaurant,70.67,30,F,139,65.33,614,0
59.35,7,5,electronics,80.62,71,M,440,433.89,735,0
157.18,16,5,grocery,24.71,22,M,299,7.13,687,0
29.39,15,5,restaurant,31.82,77,F,12,141.24,376,1
378.76,22,6,travel,21.53,49,M,151,35.21,670,0
1379.19,9,4,grocery,108.11,68,M,427,130.38,464,1
20.07,9,2,gas,28.27,38,M,312,57.18,323,0
65.12,1,3,restaurant,107.31,41,M,351,140.19,334,1
300.92,8,2,gas,44.93,77,F,399,162.14,813,0
1358.1,16,4,electronics,57.69,35,M,479,107.26,760,0
190.01,10,0,travel,66.94,38,F,108,320.68,437,0
353.86,9,4,electronics,41.16,71,F,484,753.44,564,0
21.23,21,5,travel,35.35,27,M,375,153.55,632,0
80.29,16,6,online,41.85,41,F,355,64.09,487,1
2157.38,3,0,electronics,5.75,57,F,148,94.71,362,1
1677.9,15,6,gas,52.01,64,M,366,577.25,578,0
2.48,19,5,travel,31.27,38,M,203,254.34,841,0
1516.32,14,1,electronics,47.97,42,M,306,182.1,470,1
509.6,20,4,restaurant,54.92,69,F,20,48.63,802,0
1012.17,4,4,travel,77.17,77,F,59,179.2,832,0
303.25,5,3,travel,13.22,74,F,434,97.92,598,0
362.42,16,2,electronics,31.36,76,F,20,860.27,500,0
335.54,0,0,online,51.77,40,M,362,646.43,434,1
549.6,18,6,electronics,8.97,39,F,381,26.29,571,0
75.21,3,0,gas,75.38,21,M,244,218.11,834,0
15.22,16,3,gas,7.42,51,M,389,76.49,741,0
184.03,8,3,travel,74.97,73,M,72,158.69,386,1
609.85,23,6,travel,10.56,23,M,448,628.3,330,0
112.73,1,2,electronics,38.88,45,F,75,224.92,420,0
559.56,7,6,gas,31.31,48,M,185,122.04,368,0
1751.82,14,6,gas,26.89,52,F,77,69.92,795,0
49.3,6,5,online,117.83,56,M,389,483.32,445,0
558.29,5,2,restaurant,59.54,59,M,64,293.86,632,0
293.27,0,4,online,35.28,40,M,341,189.37,780,0
1013.02,14,5,grocery,65.25,23,F,289,73.57,562,0
97.49,22,1,online,13.28,33,M,55,122.05,592,0
589.84,6,2,electronics,16.23,19,M,330,964.49,728,0
910.44,16,3,restaurant,102.95,41,M,258,220.25,385,1
1446.72,1,5,electronics,61.78,34,M,425,153.6,315,1
574.82,8,2,grocery,68.4,62,F,189,221.08,417,1
343.76,8,0,restaurant,14.46,18,F,5,452.86,569,0
480.97,12,6,travel,5.43,23,M,5,124.7,694,0
1015.92,5,1,gas,7.64,22,M,190,59.06,461,0
422.69,5,4,online,27.68,74,F,147,263.8,403,0
15.43,19,6,electronics,17.82,62,F,404,328.27,466,0
1336.45,19,0,grocery,0.74,77,F,257,374.19,599,0
584.83,20,0,gas,15.13,72,M,217,641.09,327,1
564.3,2,1,online,75.27,67,F,478,139.17,723,0
121.47,16,4,gas,16.19,46,M,89,23.5,455,1
537.77,16,3,online,5.61,29,F,311,953.53,623,0
250.33,11,5,travel,27.56,56,F,351,171.29,647,0
526.68,15,4,restaurant,118.15,64,M,9,292.86,420,1
56.36,14,2,gas,10.8,20,F,86,329.26,827,0
536.25,12,0,gas,31.19,65,M,249,237.24,463,0
3720.86,22,2,gas,15.72,18,F,325,68.92,361,1
24.71,0,3,restaurant,27.67,44,M,150,422.12,639,0
1889.93,16,2,grocery,49.43,65,F,475,488.51,611,0
261.2,2,4,online,56.42,41,F,112,241.54,675,0
1023.02,14,2,travel,61.39,79,M,29,201.16,645,0
762.52,3,3,gas,68.46,61,M,127,36.29,449,1
418.53,3,3,restaurant,6.06,36,M,77,26.31,476,1
670.56,17,3,grocery,122.66,76,M,420,124.46,653,0
1053.98,16,4,online,2.26,25,F,54,111.69,813,0
258.88,18,3,restaurant,25.47,72,F,479,921.5,608,0
198.03,10,0,travel,84.79,61,F,304,459.22,418,0
550.7,19,6,travel,48.32,64,F,33,323.58,818,0
824.73,2,3,online,92.04,19,F,104,218.72,777,1
718.34,7,2,gas,20.28,78,F,171,54.95,713,0
799.28,13,5,travel,63.1,47,M,498,1151.31,650,0
285.98,0,2,grocery,47.17,47,F,21,141.02,805,0
851.42,13,5,restaurant,57.53,66,F,286,33.93,494,0
64.04,1,2,grocery,39.51,56,M,390,204.25,486,0
393.17,22,4,gas,79.2,62,F,104,621.44,749,0
2.89,3,2,grocery,14.6,49,F,148,654.88,795,0
196.21,23,4,grocery,69.79,18,F,271,3.31,814,0
228.22,18,4,electronics,27.98,55,M,275,652.25,572,0
252.23,5,3,grocery,108.3,30,M,298,95.02,351,1
594.49,0,0,online,159.3,28,F,171,11.93,562,1
245.97,16,5,restaurant,96.92,27,M,46,564.75,667,0
297.73,7,3,electronics,44.03,65,F,113,598.24,432,0
135.61,18,3,restaurant,136.05,76,F,274,272.07,524,1
233.61,20,6,restaurant,50.17,43,F,303,256.3,609,0
128.91,0,4,gas,25.4,73,M,479,503.19,315,1
38.01,4,4,gas,18.04,72,F,206,462.97,494,1
462.47,15,5,electronics,58.08,37,F,452,662.47,742,0
551.63,5,2,travel,61.3,34,F,394,241.39,602,0
483.12,7,2,gas,36.26,34,F,462,1029.32,347,0
311.34,12,3,gas,34.68,21,F,412,1667.66,420,0
238.85,15,1,gas,2.93,22,M,241,37.17,798,0
995.11,2,1,restaurant,46.73,77,F,300,568.22,768,0
366.03,18,2,electronics,53.13,40,M,195,207.84,340,0
326.18,11,1,restaurant,27.07,63,F,496,147.09,755,0
12.99,15,6,online,21.72,69,M,163,284.86,833,0
208.7,10,2,restaurant,106.85,27,F,175,17.28,670,0
239.18,9,4,online,33.6,63,F,342,211.85,481,0
254.43,19,3,grocery,85.12,45,M,270,614.13,816,0
433.96,3,0,grocery,56.94,50,M,109,72.03,530,0
381.36,11,3,online,84.02,60,F,171,166.74,647,0
468.13,22,2,online,2.22,43,M,450,841.44,778,0
723.84,1,6,restaurant,12.87,72,M,351,167.88,508,0
838.29,23,2,online,22.75,67,F,201,133.12,577,0
633.14,21,3,electronics,3.82,65,F,167,174.23,352,1
1556.4,18,6,grocery,31.26,46,F,101,219.85,309,1
9.2,4,6,grocery,98.95,44,F,85,299.89,763,1
108.94,7,6,travel,44.84,35,F,141,483.87,457,0
3.8,6,5,online,12.86,57,M,446,180.5,318,0
521.32,13,2,gas,18.29,77,F,336,510.27,354,1
1141.54,23,1,gas,15.28,27,M,212,228.89,320,1
139.51,22,1,online,13.22,75,F,50,123.96,581,0
1308.88,2,2,electronics,58.62,59,F,111,321.84,839,1
31.08,17,2,gas,21.69,22,M,462,379.46,716,0
1362.36,15,5,travel,35.14,27,F,441,244.97,584,1
216.64,22,1,online,39.92,67,M,270,17.48,831,0
53.47,18,2,electronics,32.27,38,M,64,55.86,831,0
332.64,18,2,electronics,55.17,41,M,343,100.77,810,0
148.38,17,5,restaurant,13.88,55,F,182,99.65,695,0
167.65,19,5,electronics,102.32,20,F,331,335.72,419,0
183.57,15,3,gas,147.08,57,F,9,5.56,396,1
812.34,7,5,gas,55.31,48,F,493,422.79,419,0
387.35,0,0,online,31.4,79,F,233,92.51,836,0
186.48,16,1,online,51.23,58,F,297,111.33,452,0
471.23,11,3,electronics,35.05,54,M,243,225.18,544,0
629.66,20,0,travel,29.01,78,F,350,72.98,815,0
159.16,10,2,grocery,16.57,19,F,266,647.47,692,0
266.83,4,2,restaurant,45.5,19,F,117,26.77,442,1
64.99,11,3,grocery,16.32,56,F,143,176.3,803,0
99.93,16,5,electronics,2.76,66,M,380,567.98,519,0
571.47,5,6,electronics,73.6,59,M,200,287.01,459,0
100.1,0,6,grocery,38.66,61,M,238,103.73,375,0
372.39,4,2,restaurant,37.74,51,M,333,163.81,331,0
617.3,13,6,grocery,23.44,59,M,402,367.96,633,0
56.52,4,4,online,73.19,37,F,414,1086.49,824,0
418.87,21,3,gas,27.69,50,M,456,670.87,739,0
148.24,23,0,travel,42.66,21,M,483,125.76,651,0
1647.43,0,3,online,18.09,62,F,436,1895.64,638,1
330.38,17,1,gas,39.27,61,F,486,1.05,699,0
819.93,15,5,travel,56.74,28,M,245,8.41,695,0
399.51,8,5,travel,2.66,78,F,345,520.91,501,1
22.19,18,3,travel,22.31,59,F,7,66.74,829,0
501.4,21,2,electronics,64.16,64,M,151,18.81,392,0
1512.1,4,2,travel,43.11,22,F,391,81.21,657,0
460.16,1,4,restaurant,41.63,42,M,210,166.59,695,0
855.15,14,4,grocery,9.84,66,M,366,393.43,359,0
1077.97,6,5,restaurant,18.62,77,F,431,293.72,776,0
129.44,3,4,grocery,67.51,54,M,157,81.39,300,1
119.16,0,0,online,83.58,51,M,57,209.91,610,1
472.06,12,4,online,52.08,26,F,85,781.98,467,1
264.69,19,0,grocery,61.34,23,F,54,506.23,491,1
915.86,21,4,restaurant,21.16,35,F,200,117.11,333,1
1151.41,6,5,grocery,7.35,31,F,121,1209.66,333,1
218.03,14,5,travel,21.61,36,M,445,369.94,716,0
135.16,22,0,electronics,110.83,31,F,107,19.35,457,0
758.26,13,3,online,30.19,57,F,303,10.74,799,0
160.66,22,5,electronics,61.74,34,M,131,55.32,665,0
864.71,18,3,travel,38.58,77,M,420,390.43,639,0
275.6,21,2,travel,42.03,52,M,391,60.91,634,0
550.63,23,0,online,21.42,46,M,384,214.92,626,0
50.21,19,6,online,21.09,59,F,475,29.37,413,0
488.9,23,5,travel,121.62,34,F,197,761.06,717,1
300.53,17,1,gas,77.98,76,M,46,126.46,767,0
441.68,9,2,electronics,86.96,60,M,227,716.22,442,0
91.97,8,3,electronics,12.7,25,M,244,869.45,608,0
667.56,7,5,gas,86.38,18,M,202,1.84,700,1
993.15,9,0,restaurant,130.46,62,F,260,187.16,619,1
122.15,16,6,electronics,1.85,70,M,177,7.49,511,0
50.31,1,4,grocery,51.65,53,F,23,718.06,616,1
11.96,5,6,travel,84.53,24,M,174,219.2,484,0
513.57,4,1,travel,63.26,63,F,273,23.37,504,0
467.09,8,3,gas,4.45,22,F,339,35.05,663,0
395.6,4,2,electronics,10.79,41,F,411,145.11,515,0
131.95,17,6,restaurant,15.87,45,F,460,845.2,545,0
247.89,19,0,electronics,2.77,79,M,260,354.18,538,0
451.29,8,1,travel,35.8,60,F,285,606.62,690,0
343.35,16,0,online,8.3,34,M,0,136.93,819,0
2202.57,16,5,grocery,1.98,54,F,85,13.25,576,1
73.35,11,4,gas,52.06,37,F,337,1098.59,501,0
593.96,6,2,online,54.12,20,M,429,5.2,513,0
259.02,2,0,restaurant,1.2,54,M,68,884.95,777,0
279.48,9,3,online,63.8,43,F,30,137.98,807,1
632.21,1,5,online,25.42,32,F,197,3.04,374,0
589.54,2,5,restaurant,76.97,68,M,90,350.54,441,1
2369.69,15,2,online,64.5,65,F,439,1181.82,621,0
68.71,1,5,gas,45.73,25,M,472,1011.13,760,0
54.97,23,3,travel,68.63,30,M,348,52.64,445,1
644.29,9,0,electronics,1.82,65,M,382,59.99,353,0
431.83,5,2,online,105.56,20,F,411,250.09,655,0
160.21,21,5,gas,55.56,18,F,15,304.26,576,0
41.38,10,5,electronics,76.12,26,M,309,403.45,699,0
44.78,22,3,electronics,47.16,48,M,436,59.92,815,0
1123.06,6,4,online,0.22,58,M,395,958.31,798,0
106.51,14,4,gas,131.92,71,M,275,305.45,610,0
195.32,5,6,travel,26.95,43,F,337,563.29,570,0
128.52,19,5,online,26.54,34,M,161,233.0,748,0
219.25,8,0,restaurant,96.37,73,F,436,160.47,411,1
35.98,21,2,electronics,29.75,51,M,191,1134.07,538,0
366.01,19,5,online,72.65,26,F,150,261.77,443,1
35.0,11,1,electronics,16.35,79,F,364,604.94,673,0
805.61,18,2,gas,14.92,73,F,410,919.15,319,0
133.1,19,6,grocery,85.78,68,F,112,337.51,588,0
388.28,2,4,online,12.76,30,F,272,238.85,496,1
1060.46,14,5,travel,76.15,22,M,175,1.06,681,1
526.17,1,3,online,39.36,58,M,148,12.25,791,0
380.67,20,1,electronics,31.98,30,F,177,67.26,463,0
196.03,1,5,gas,19.18,18,M,423,61.74,548,0
202.48,21,6,restaurant,69.07,42,M,381,88.21,367,0
553.55,2,0,travel,53.47,64,M,222,109.12,320,1
2569.75,5,1,gas,17.99,21,M,258,133.92,811,0
542.12,14,6,online,74.59,53,M,272,163.7,689,0
407.98,9,5,restaurant,69.8,69,M,188,31.23,835,0
655.87,8,0,gas,59.17,27,M,305,12.99,410,0
312.94,0,1,grocery,5.52,45,F,377,336.21,759,0
31.01,15,0,travel,1.14,74,M,89,231.23,377,0
413.11,5,0,electronics,53.77,79,M,342,176.17,733,0
1580.6,8,1,gas,71.13,23,M,261,301.9,679,1
96.37,3,1,gas,43.19,44,F,155,527.52,739,1
585.6,1,0,grocery,48.53,73,F,199,167.42,638,0
112.16,3,6,online,24.41,29,M,54,307.43,723,0
383.75,0,4,travel,68.7,79,F,253,920.96,468,1
50.84,18,1,travel,122.74,69,F,441,549.07,561,0
299.26,9,5,electronics,49.13,65,M,172,166.54,528,1
705.63,20,2,gas,98.99,20,F,199,310.45,460,1
213.53,14,3,restaurant,40.6,63,M,402,58.47,726,0
546.68,21,0,gas,127.99,50,F,101,246.65,421,1
793.47,18,0,electronics,73.07,27,M,284,1194.22,448,1
1309.87,15,3,gas,5.19,48,F,150,219.14,410,0
133.71,20,4,grocery,48.03,32,M,110,787.82,520,0
254.84,23,3,gas,60.26,24,M,415,156.94,363,0
82.68,21,1,gas,26.35,53,F,265,2029.05,653,0
2445.33,3,3,restaurant,34.3,31,M,90,259.69,773,1
1308.65,1,0,grocery,4.49,73,M,176,12.96,784,0
388.22,12,3,grocery,91.08,65,F,448,265.11,312,1
922.69,0,2,gas,20.84,31,M,230,96.3,452,1
367.98,16,5,travel,3.15,20,M,28,9.91,538,0
488.53,12,1,restaurant,124.22,66,F,442,515.87,489,0
46.67,3,3,gas,43.34,70,M,300,96.78,385,1
703.8,6,0,gas,59.5,63,F,194,477.7,320,1
68.32,16,6,electronics,65.0,67,M,306,101.99,618,0
874.54,8,5,electronics,16.65,20,F,238,64.82,457,1
761.69,3,1,travel,29.65,79,F,356,1094.16,780,0
616.78,18,0,restaurant,68.23,39,M,478,134.66,375,0
18.42,0,4,online,16.24,36,F,383,275.92,628,0
180.58,9,2,electronics,23.77,52,M,266,282.47,715,0
152.66,3,4,online,2.82,29,M,213,246.62,502,1
223.25,8,2,grocery,84.22,71,F,81,738.46,528,1
45.86,12,3,electronics,72.19,22,M,127,336.66,451,0
1381.98,13,1,electronics,18.93,27,M,482,155.12,371,0
403.5,9,3,restaurant,70.99,58,F,261,594.98,524,0
182.3,5,2,travel,98.43,50,M,66,59.92,772,0
252.9,15,2,online,59.58,30,M,61,235.73,659,0
296.38,5,2,electronics,35.94,52,F,132,902.04,839,0
458.89,16,5,electronics,108.35,68,M,136,294.57,345,1
362.5,9,0,restaurant,33.21,49,M,27,509.43,300,1
1259.08,17,1,restaurant,22.64,28,F,210,318.01,544,0
343.55,21,3,travel,48.12,65,M,475,548.6,518,0
2424.13,17,3,online,52.95,55,M,474,867.35,590,0
953.33,2,4,grocery,2.32,41,F,204,95.62,757,0
116.92,19,2,travel,38.57,52,M,252,55.78,503,0
1333.9,20,6,grocery,44.77,36,M,37,198.49,501,0
61.86,14,2,gas,39.66,23,F,42,363.06,781,0
850.36,14,2,electronics,0.23,57,F,116,77.32,810,0
239.52,3,6,online,45.26,71,M,404,1.23,577,0
1051.76,8,3,travel,90.32,62,M,474,125.99,315,1
1012.69,18,4,electronics,41.27,61,F,189,1040.77,824,0
819.76,23,0,online,22.0,79,M,45,356.2,655,0
780.4,16,6,online,21.36,59,M,453,153.91,655,0
181.69,10,5,online,32.81,52,M,165,64.17,377,0
42.19,8,1,electronics,70.17,21,F,304,132.06,366,0
257.9,9,6,travel,74.66,50,M,202,55.84,513,0
95.29,17,0,restaurant,91.44,30,M,494,33.72,748,0
593.64,19,3,electronics,0.12,73,F,232,711.72,732,0
212.4,12,5,online,57.95,53,F,244,1816.05,844,0
1856.8,7,5,travel,33.33,71,F,208,53.78,414,1
512.18,6,5,gas,0.64,60,M,247,16.82,719,0
864.34,16,2,grocery,34.87,36,M,294,120.02,798,0
71.08,20,1,online,37.19,60,F,326,185.78,679,0
990.3,22,3,gas,29.42,29,M,382,68.76,442,0
1280.4,14,3,restaurant,33.3,28,M,157,107.61,323,1
333.8,19,5,online,27.05,23,M,404,67.27,838,0
466.02,14,3,gas,27.55,29,M,0,446.51,374,1
723.68,0,1,online,12.02,44,F,216,374.04,834,0
96.09,13,1,electronics,121.75,58,F,415,302.32,340,1
349.15,4,4,travel,37.91,42,M,248,146.92,712,0
254.3,10,6,gas,6.06,59,F,391,719.2,714,0
79.13,15,6,travel,33.21,20,M,68,1047.33,748,0
229.06,1,4,electronics,18.72,20,M,29,57.22,735,0
35.3,7,0,electronics,0.68,37,F,114,75.7,538,0
13.08,10,6,travel,139.6,45,F,7,223.73,341,1
72.61,17,1,gas,18.37,40,M,368,28.71,309,0
1649.98,2,1,travel,16.11,65,M,274,172.05,564,0
398.73,0,6,travel,2.81,20,M,491,261.53,744,0
1688.09,10,1,grocery,31.98,59,M,314,221.49,438,0
283.26,15,4,gas,41.05,41,F,438,120.55,495,0
186.85,17,5,grocery,21.82,60,F,413,234.56,373,0
352.75,15,5,online,65.55,57,M,334,956.8,524,0
289.47,22,3,travel,60.53,23,M,35,69.21,401,0
55.84,9,5,online,65.04,37,F,310,319.12,563,0
511.97,17,2,gas,25.91,28,M,43,13.31,460,0
121.7,5,4,travel,52.05,49,F,154,20.62,532,0
483.25,18,1,online,53.26,77,M,76,240.77,790,0
525.2,3,6,restaurant,31.05,44,F,77,33.26,610,1
82.45,12,5,electronics,4.07,38,M,100,6.78,526,0
31.66,23,4,travel,52.81,61,M,437,56.45,572,0
758.8,13,5,electronics,53.48,65,M,431,249.62,616,0
307.91,2,0,grocery,53.25,67,F,29,364.55,385,1
29.96,9,1,online,91.52,30,F,38,67.87,590,0
2635.97,5,0,grocery,8.56,39,M,238,331.02,768,0
29.76,0,1,travel,42.57,52,M,12,60.44,703,0
593.78,22,4,electronics,69.39,64,M,121,285.15,726,0
2057.65,23,3,electronics,17.69,39,M,143,159.29,674,1
136.68,13,5,online,25.3,45,F,171,318.22,551,1
76.72,7,5,travel,16.14,38,F,454,1592.68,832,0
64.7,18,2,restaurant,2.54,63,F,367,833.3,606,0
180.68,13,6,restaurant,23.53,35,M,246,1.29,729,0
53.26,9,0,online,13.99,48,M,246,649.99,563,0
589.09,16,5,travel,64.05,77,F,410,20.64,367,0
32.16,8,4,online,15.18,78,M,44,917.58,406,0
356.09,5,3,travel,35.33,63,F,252,99.31,699,0
2856.44,10,6,grocery,7.54,54,F,374,144.4,498,1
840.92,6,4,online,10.82,38,F,290,28.83,491,0
477.54,16,0,travel,34.28,31,F,206,35.73,813,0
182.82,0,2,restaurant,26.3,42,M,411,389.2,741,0
488.94,21,5,travel,58.9,44,F,482,866.51,300,0
374.37,4,4,travel,85.08,57,M,6,283.06,657,1
277.64,8,6,online,14.57,77,F,445,377.48,414,0
70.04,17,1,grocery,63.06,77,F,241,430.61,496,0
1088.44,23,3,grocery,33.99,40,F,109,91.47,573,1
298.72,20,6,grocery,123.69,48,F,113,13.89,459,1
108.22,1,4,grocery,19.32,64,M,306,0.56,472,0
229.24,10,3,gas,54.53,77,M,301,129.53,844,0
267.33,5,5,online,34.36,46,M,275,82.91,757,0
878.79,7,1,electronics,12.4,64,M,95,19.3,732,0
661.41,3,2,online,97.29,47,F,293,59.36,780,0
733.33,17,6,gas,20.89,68,M,188,39.89,754,0
5.55,10,2,grocery,130.21,43,M,359,739.1,495,0
269.06,4,1,gas,19.74,37,F,287,45.34,608,0
328.26,14,3,restaurant,68.79,55,M,153,231.43,793,0
9.69,17,5,restaurant,40.15,36,M,57,269.76,738,0
150.43,1,4,online,42.85,44,M,422,235.24,658,0
714.16,21,1,online,51.31,42,M,403,31.29,335,1
73.73,10,0,electronics,3.64,57,F,337,115.17,333,1
383.19,12,3,electronics,79.8,55,F,49,15.79,387,1
121.16,3,2,restaurant,2.78,69,M,206,151.09,315,1
6.1,21,6,grocery,26.94,40,F,51,62.7,720,0
138.01,6,1,gas,57.37,46,M,341,247.41,425,0
1862.23,10,2,electronics,6.88,32,M,370,354.09,307,1
808.58,21,3,travel,76.15,76,M,149,227.86,771,1
1604.17,23,2,electronics,44.13,20,F,52,170.87,767,1
334.57,3,1,grocery,55.85,27,F,212,146.98,809,0
58.12,14,3,grocery,28.89,32,F,65,552.96,701,0
396.99,0,0,online,8.2,73,F,231,74.3,475,1
302.91,22,1,gas,6.0,33,F,372,397.52,666,0
930.1,2,4,grocery,4.55,34,F,298,425.0,787,0
51.62,13,5,electronics,0.1,36,M,337,163.0,317,0
334.95,5,1,electronics,66.49,28,F,150,105.85,355,0
81.29,17,3,restaurant,1.6,65,M,204,190.77,334,0
196.28,0,6,grocery,110.38,22,M,319,29.35,646,0
668.48,5,5,travel,34.98,22,F,254,14.11,331,1
323.15,5,1,online,8.81,75,M,488,35.5,432,0
235.71,20,0,gas,68.67,31,M,136,62.16,498,0
250.83,15,6,travel,51.19,67,M,368,210.46,555,0
307.58,4,0,online,62.71,43,F,134,567.41,641,0
768.6,16,4,electronics,31.72,25,F,424,80.62,530,0
1113.2,9,6,travel,14.23,22,M,53,820.76,600,1
1554.28,20,2,online,59.18,24,F,64,929.71,846,0
773.0,17,6,electronics,124.53,33,M,1,957.56,325,1
189.47,6,5,electronics,61.11,72,F,131,545.24,834,0
582.59,2,6,electronics,19.33,31,M,333,135.68,773,0
287.77,12,3,electronics,2.86,54,M,31,22.64,686,0
146.96,14,3,electronics,9.98,73,F,355,252.37,584,0
919.02,19,2,restaurant,78.2,58,F,385,245.4,749,0
19.59,18,6,travel,66.64,21,F,359,569.09,619,0
1160.18,2,0,online,115.06,53,F,497,1655.77,455,1
309.46,3,0,restaurant,98.68,65,F,242,212.88,770,0
506.95,4,1,restaurant,8.79,73,M,191,127.03,719,0
538.46,0,4,grocery,65.4,34,M,141,61.7,412,1
1127.46,3,5,grocery,45.32,64,M,147,1.44,721,0
506.22,11,4,grocery,51.21,53,F,88,213.46,584,1
475.87,23,6,gas,51.26,23,F,489,243.25,353,0
34.49,9,4,grocery,70.41,33,M,48,522.79,624,0
365.33,22,1,online,79.13,46,M,135,210.7,757,0
81.36,20,4,restaurant,78.96,53,M,475,744.76,564,0
668.63,19,2,online,12.59,55,M,190,296.73,681,0
358.95,23,1,travel,1.61,54,F,429,550.41,512,0
570.07,12,2,grocery,3.01,65,M,148,48.16,632,0
21.28,22,6,gas,35.72,79,F,86,580.0,309,1
44.3,13,1,travel,13.88,74,M,415,337.31,657,0
629.96,22,6,gas,39.79,65,F,7,55.98,502,0
37.41,4,6,travel,27.06,27,F,222,63.13,357,0
36.96,3,4,restaurant,124.94,58,F,356,783.14,793,0
6.09,13,2,online,49.27,53,F,15,9.82,809,0
1567.51,9,6,electronics,21.46,46,M,295,186.27,522,1
668.77,16,2,online,41.57,31,M,105,112.83,668,0
217.9,9,2,grocery,7.18,21,M,282,328.16,717,0
175.87,6,1,electronics,46.85,61,F,103,549.08,846,0
215.16,15,3,gas,82.86,73,M,360,134.06,402,0
745.06,0,4,restaurant,36.85,59,M,145,167.01,460,0
541.42,16,6,restaurant,43.34,53,M,34,1203.85,499,0
102.4,20,2,gas,41.93,67,F,112,459.63,459,0
95.65,8,5,grocery,105.08,62,F,307,682.5,435,0
51.79,5,3,gas,18.18,30,F,398,173.28,697,0
539.85,18,6,travel,19.89,63,M,446,80.0,691,0
722.75,12,5,grocery,98.4,35,M,52,159.24,405,1
153.97,2,4,electronics,28.52,50,M,346,377.73,353,1
10.58,6,4,gas,106.38,38,F,80,34.77,576,0
42.87,21,2,grocery,68.65,33,M,103,94.61,410,0
1718.83,8,2,electronics,26.21,32,F,321,14.33,523,1
175.09,21,6,gas,13.41,71,F,368,169.87,374,0
733.15,4,1,restaurant,6.24,74,F,241,527.11,805,0
489.97,9,3,gas,71.68,22,F,30,7.49,313,1
240.58,22,6,online,33.02,78,M,316,337.48,781,0
115.14,16,3,gas,23.95,23,M,191,808.67,488,0
64.71,11,2,online,34.83,55,F,356,81.12,663,0
477.27,22,4,electronics,44.55,20,M,360,354.89,538,0
745.01,15,2,gas,66.15,65,F,232,1107.89,700,0
516.28,2,4,electronics,56.88,29,M,97,983.25,603,1
377.83,21,6,electronics,15.29,53,M,33,80.34,390,0
21.43,8,4,grocery,37.98,50,F,242,31.72,691,0
1728.71,14,2,electronics,24.15,53,F,438,48.15,483,1
801.51,4,0,electronics,94.11,50,F,58,363.23,316,1
173.24,22,3,gas,31.62,48,F,258,388.12,311,1
1955.27,12,5,gas,12.39,38,M,16,336.48,465,0
460.5,13,4,restaurant,12.03,44,F,77,122.88,445,0
436.64,19,4,grocery,22.24,44,M,205,55.82,581,0
689.31,14,0,electronics,46.66,25,F,301,260.79,848,0
835.04,15,6,grocery,12.59,73,M,165,198.31,468,0
534.25,22,6,online,1.79,54,F,290,391.51,469,0
68.54,12,6,electronics,68.3,79,M,384,174.68,645,0
206.45,16,5,grocery,87.87,49,M,111,124.04,798,0
1316.13,22,1,restaurant,44.68,43,M,412,104.22,759,0
127.2,7,0,restaurant,13.1,19,F,387,71.28,596,0
232.74,20,5,electronics,8.35,29,F,316,92.67,441,0
282.88,1,0,online,47.41,39,F,352,29.89,352,1
289.38,4,4,restaurant,31.39,34,F,144,127.79,417,0
474.59,5,3,restaurant,62.45,24,M,155,11.18,664,0
1433.02,11,0,online,48.62,60,M,177,61.89,435,1
137.67,17,1,grocery,23.03,21,M,345,412.04,713,0
64.77,21,2,restaurant,50.85,54,F,135,118.12,376,0
109.99,21,5,gas,63.42,55,M,417,331.0,317,0
1089.85,0,0,travel,9.19,49,M,314,378.57,702,0
518.96,16,0,travel,30.83,28,F,17,261.1,504,0
168.37,10,1,restaurant,96.32,18,F,350,956.05,798,0
846.27,9,3,grocery,2.08,42,M,442,6.5,623,0
987.97,18,0,grocery,4.53,59,F,154,402.57,580,0
937.07,13,0,electronics,12.5,69,F,271,956.7,465,0
1256.2,9,3,gas,11.44,41,F,265,594.74,542,0
145.34,14,1,grocery,111.47,70,F,359,55.14,778,0
703.33,18,5,online,45.87,60,M,331,118.72,463,0
308.59,3,5,gas,4.98,73,M,405,56.79,623,0
922.58,1,0,travel,16.82,34,M,15,275.87,507,1
651.88,8,3,gas,90.73,25,M,11,373.63,614,0
749.05,9,0,online,67.83,76,M,74,114.41,603,0
533.79,10,6,restaurant,49.81,62,F,211,232.64,538,0
97.66,13,2,online,28.71,44,M,178,352.25,523,0
393.76,6,5,online,19.09,69,M,128,164.11,387,0
2088.96,22,6,restaurant,1.98,35,F,282,577.28,836,0
1385.4,14,4,restaurant,9.77,44,F,194,442.93,728,0
22.07,21,2,restaurant,21.7,39,F,267,20.06,519,0
90.05,18,0,restaurant,56.79,33,M,29,291.16,574,0
70.63,21,1,restaurant,65.13,19,F,8,80.49,365,1
647.28,14,5,online,3.66,22,F,308,244.61,722,0
851.28,23,4,electronics,61.73,35,F,444,943.19,554,1
120.09,7,2,electronics,32.02,20,M,309,633.74,424,0
352.46,10,5,grocery,5.99,44,F,164,155.51,445,0
918.49,8,3,electronics,42.25,71,F,192,103.39,684,0
659.88,14,1,travel,77.04,34,M,425,80.13,746,0
390.7,0,2,electronics,38.98,33,F,304,228.12,686,0
446.22,0,3,online,50.85,23,M,259,36.4,682,0
355.0,18,6,restaurant,64.09,68,M,191,239.07,576,0
176.59,2,0,restaurant,52.86,24,F,78,0.4,681,0
416.23,9,3,online,13.04,67,M,178,117.4,423,0
583.8,7,2,travel,95.63,31,F,90,74.51,566,1
1033.06,14,2,electronics,36.58,55,F,455,1064.41,410,1
505.7,9,6,online,8.21,57,F,443,389.75,680,0
715.9,0,0,grocery,1.48,32,F,214,129.07,457,0
87.22,17,3,restaurant,12.37,64,M,78,29.23,847,1
309.54,1,3,gas,2.7,64,F,474,218.2,417,1
4.69,18,0,grocery,3.67,65,F,414,72.03,627,0
141.63,12,3,travel,2.85,50,F,102,230.64,367,0
648.16,21,5,grocery,83.56,60,M,110,541.2,733,0
2402.42,0,0,online,69.67,44,M,455,286.97,658,1
52.22,1,1,electronics,163.06,46,F,477,301.36,742,0
256.66,15,2,restaurant,34.91,74,M,313,233.63,463,0
804.9,14,1,travel,36.79,54,M,246,786.28,660,0
114.1,12,5,travel,31.73,22,F,233,806.05,418,0
404.94,15,6,gas,50.66,46,F,81,215.68,494,1
660.39,16,5,grocery,39.27,49,F,131,109.48,540,0
478.54,20,4,gas,5.79,77,F,494,184.63,808,0
104.14,6,4,electronics,57.67,70,F,234,61.94,441,0
219.55,23,4,electronics,83.19,23,M,277,303.46,330,1
765.76,16,0,gas,57.7,19,F,386,208.0,522,0
403.97,6,3,restaurant,31.89,23,F,334,32.71,565,0
2.62,12,5,electronics,29.8,63,F,98,66.06,581,0
715.63,4,1,gas,51.67,60,F,430,195.97,680,0
17.97,16,6,grocery,26.07,21,F,37,655.68,361,0
684.69,2,1,gas,90.36,73,M,160,250.68,820,0
113.12,6,1,gas,8.6,46,F,461,343.27,370,0
1585.92,16,1,online,22.63,76,M,431,124.21,835,0
229.39,6,6,electronics,29.56,42,F,448,254.18,439,0
197.95,20,4,restaurant,111.04,26,F,116,177.93,615,0
80.61,0,1,restaurant,41.56,73,F,240,322.88,639,1
182.36,16,6,online,46.97,20,M,25,15.57,827,0
1046.37,16,6,travel,81.14,43,F,135,203.95,840,0
2804.37,10,3,restaurant,43.63,65,F,49,105.29,715,1
229.68,2,6,gas,19.05,60,F,463,118.44,766,0
297.66,14,4,online,67.23,44,F,293,972.62,674,0
640.19,20,1,grocery,26.08,53,F,393,60.52,590,0
1086.64,10,6,electronics,35.24,49,F,297,111.86,342,1
449.53,15,0,electronics,52.97,18,F,292,213.94,352,0
248.4,21,6,electronics,59.92,74,M,153,596.39,531,0
266.04,8,2,gas,28.78,70,F,219,161.7,511,0
594.74,23,2,grocery,43.43,71,F,139,408.62,307,0
1.61,23,2,online,109.33,33,F,467,582.16,782,0
483.25,0,6,online,0.81,68,M,48,111.33,341,1
219.63,21,4,electronics,50.17,65,M,141,149.64,632,0
790.42,15,1,grocery,22.47,28,F,45,132.28,532,0
48.8,8,5,grocery,30.43,43,M,162,536.67,369,1
443.61,18,5,grocery,48.41,57,F,284,13.61,315,0
327.9,11,5,restaurant,14.8,72,F,267,110.63,368,0
514.07,18,4,restaurant,85.27,18,M,115,341.28,352,1
33.53,21,3,electronics,58.98,43,F,81,250.03,678,0
433.73,8,0,grocery,31.93,45,M,43,171.96,762,0
412.18,6,0,travel,84.62,70,M,193,232.92,826,0
411.24,13,2,grocery,49.5,75,M,257,66.04,362,1
462.52,18,2,online,147.02,26,F,442,169.01,560,0
564.23,18,6,online,23.42,77,F,272,208.97,799,0
817.35,1,5,electronics,105.02,76,F,393,694.36,420,0
157.23,8,6,travel,72.87,61,F,273,90.67,539,1
871.63,12,5,grocery,50.68,39,F,277,607.1,764,0
344.83,14,2,travel,64.78,25,F,82,310.05,406,1
40.09,2,1,electronics,67.02,75,F,57,6.17,479,1
30.17,10,3,online,10.13,66,M,52,386.89,315,0
203.41,20,6,online,78.36,59,F,0,10.86,654,0
768.32,13,3,restaurant,45.06,44,F,215,1783.5,608,1
614.95,7,3,electronics,20.55,56,F,316,618.21,480,0
777.04,17,3,electronics,2.46,36,M,227,105.87,473,0
364.15,18,2,grocery,30.11,42,M,472,89.28,653,0
290.09,15,0,grocery,48.86,55,M,483,144.11,653,0
79.76,1,2,restaurant,13.04,38,F,253,132.09,518,0
198.89,7,3,gas,38.59,41,M,158,139.73,614,0
284.6,21,2,travel,73.92,41,M,286,114.94,733,0
46.39,5,3,gas,8.88,77,F,65,291.17,581,0
124.62,11,4,gas,23.41,77,F,402,53.83,558,0
455.93,14,5,electronics,44.19,36,F,308,561.2,304,1
665.27,7,0,travel,47.57,67,M,459,502.04,693,0
3202.74,3,4,electronics,63.92,64,F,457,194.16,635,1
1352.38,14,1,travel,30.72,19,F,94,574.65,362,1
514.4,19,2,online,6.45,31,F,492,85.16,343,0
273.44,16,1,electronics,4.59,70,F,252,5.32,452,0
505.54,12,6,electronics,25.2,49,F,149,289.65,455,0
770.08,17,2,electronics,69.92,59,F,22,183.7,777,0
62.97,1,5,restaurant,142.72,49,M,243,251.22,574,0
263.74,12,4,electronics,79.77,45,F,214,688.8,657,0
915.67,12,5,grocery,57.69,65,M,398,1051.22,725,0
242.12,21,6,grocery,98.33,56,M,409,301.91,831,0
424.17,14,3,travel,56.97,57,F,130,433.25,782,0
443.09,19,5,online,0.28,59,M,342,26.26,513,0
101.96,9,5,restaurant,50.82,64,M,147,52.56,378,0
224.89,2,3,travel,41.26,57,M,380,396.38,438,0
203.62,18,2,grocery,35.09,30,F,108,169.36,397,0
13.27,2,3,restaurant,19.25,29,M,39,177.16,497,1
12.24,21,4,restaurant,28.99,25,M,120,110.71,455,0
890.99,13,5,online,52.71,32,M,294,280.46,349,1
159.46,7,3,restaurant,15.76,43,M,119,61.43,778,0
364.99,22,6,electronics,15.17,29,F,455,295.79,527,0
177.43,3,6,restaurant,13.01,60,F,17,57.28,756,0
1412.4,19,5,online,26.08,68,M,168,19.79,821,0
150.08,10,4,travel,103.13,63,F,197,120.3,448,1
280.76,10,1,online,7.95,44,F,410,78.85,357,0
1030.72,10,4,online,80.9,35,M,483,659.44,461,1
922.37,1,0,grocery,44.0,62,F,142,16.96,776,0
102.96,16,0,electronics,90.92,53,F,36,58.3,406,1
811.37,8,0,grocery,3.08,66,M,185,238.7,726,0
306.42,1,5,travel,54.81,68,M,260,196.79,694,0
329.83,23,6,gas,17.04,44,F,230,14.08,485,1
71.64,14,2,travel,129.47,26,F,253,2.18,745,0
42.02,15,6,electronics,34.49,72,F,328,1328.56,747,0
650.87,3,2,restaurant,49.12,56,F,390,322.62,386,1
343.05,7,2,online,45.81,18,M,296,136.43,548,0
287.11,8,6,gas,44.75,24,M,467,190.71,739,0
653.76,4,5,electronics,31.02,43,M,9,93.0,556,0
725.18,15,4,grocery,45.16,24,M,445,126.88,576,0
86.53,12,2,online,18.27,69,M,409,314.13,737,0
471.09,6,1,travel,56.44,24,F,323,643.19,815,0
72.72,19,6,grocery,49.63,25,F,229,61.05,501,0
695.9,16,6,electronics,18.24,33,M,23,550.45,479,0
534.95,2,0,electronics,5.54,20,M,77,38.88,624,0
1568.82,4,4,travel,72.13,62,M,424,72.62,774,0
35.73,18,0,gas,43.16,27,F,192,11.37,699,0
29.37,11,6,travel,49.07,67,F,400,45.53,516,0
165.77,6,6,restaurant,31.04,24,F,108,747.77,752,0
